{
    "train_losses": [
        5.342378377914429,
        4.255132436752319,
        4.010477304458618,
        3.8095260858535767,
        3.6356030702590942,
        3.555727243423462,
        3.475990891456604,
        3.4202520847320557,
        3.275682210922241,
        3.1536173820495605,
        3.1473793983459473,
        3.0901609659194946,
        3.034857988357544,
        3.016154646873474,
        2.782631993293762,
        2.8345181941986084,
        2.7560007572174072,
        2.7291091680526733,
        2.703703761100769,
        2.590337038040161,
        2.6144267320632935,
        2.5996453762054443,
        2.535404086112976,
        2.458120822906494,
        2.4468871355056763,
        2.5468801259994507,
        2.5720152854919434,
        2.4387261867523193,
        2.5084623098373413,
        2.3883438110351562,
        2.336633801460266,
        2.3513665199279785,
        2.3481181859970093,
        2.300736427307129,
        2.326569437980652,
        2.3359642028808594,
        2.363683342933655,
        2.3424272537231445,
        2.3279277086257935,
        2.3281329870224,
        2.2041702270507812,
        2.2730655670166016,
        2.2780386209487915,
        2.213960647583008,
        2.239547848701477,
        2.1883201599121094,
        2.1873117685317993,
        2.171843409538269,
        2.1843138933181763,
        2.2124167680740356
    ],
    "val_greedy_bleus": [
        0.12207575028715575,
        0.12573546907492242,
        0.06851807272705683,
        0.05905069870886025,
        0.024620263384565053,
        0.03445705681257585,
        0.0365839777614684,
        0.05543556024761556,
        0.040365788533862176,
        0.03334224230410455
    ],
    "val_greedy_meteors": [
        0.20866030098234445,
        0.2229727235769262,
        0.21688272510517573,
        0.24073324084787237,
        0.2058939041041271,
        0.2357112848782299,
        0.2269363457087136,
        0.25417312657245283,
        0.2324432375031482,
        0.21885706152874715
    ],
    "val_greedy_ciders": [
        0.055986177142949234,
        0.06971231436020975,
        0.046307266228982916,
        0.06955848966881728,
        0.0684914962317472,
        0.07928561275844019,
        0.07037766660198516,
        0.0964462091759702,
        0.06885824783576573,
        0.05950904576271241
    ],
    "val_beam_bleus": [
        0.0,
        0.12474921499264899,
        0.1118839215644242,
        0.10442373494175194,
        0.055929810922794795,
        0.07986195260070152,
        0.0771335500461097,
        0.0,
        0.06790194595299501,
        0.07839545655529657
    ],
    "val_beam_meteors": [
        0.07177788943003875,
        0.2146601669876703,
        0.1888174200532869,
        0.2242299819437858,
        0.18747364995122315,
        0.2253641751723322,
        0.21306520144618885,
        0.243161592385418,
        0.2250372213142598,
        0.2671840279167012
    ],
    "val_beam_ciders": [
        0.002421614422450863,
        0.05593521120606231,
        0.0663626927804272,
        0.0889232903042166,
        0.07114328651224422,
        0.11782088865923648,
        0.09661719860922031,
        0.1275753921053212,
        0.13702439894647442,
        0.14036804417226742
    ]
}