{
    "train_losses": [
        4.370591405411841,
        3.5537592301346326,
        3.324343587311221,
        3.1960791086367037,
        3.0981194379743835,
        2.9874335320342875,
        2.934277050931689,
        2.8853959197729404,
        2.8448455053875703,
        2.801877262446802,
        2.7401549625844464,
        2.7013397653337936,
        2.6702694277248473,
        2.653589257611915,
        2.62428802055932,
        2.5810941250671244,
        2.5470771408976525,
        2.5338855394175357,
        2.5098599077950063,
        2.4934549846559624,
        2.4512699534635587,
        2.434352139352073,
        2.4216293896867636,
        2.4096094588158836,
        2.3879330426874295,
        2.3591495724351192,
        2.3430920531492276,
        2.327729305750887,
        2.3138049174922175,
        2.305623023162985,
        2.2740365675357586,
        2.2600629587128687,
        2.254208727062028,
        2.237862569065721,
        2.2248867274450026,
        2.2110846467980756,
        2.2053728976719817,
        2.1854768515752516,
        2.1789846554608414,
        2.1733895445093863,
        2.1545777718226113,
        2.146512788226347,
        2.1464334440902926,
        2.131896458321334,
        2.1206926286500383,
        2.106683838535363,
        2.1017225477057444,
        2.1019109375599965,
        2.087367644892052,
        2.0870170268654262
    ],
    "val_greedy_bleus": [
        0.1599482953602506,
        0.17719736924123206,
        0.1725813358193023,
        0.17073606157429747,
        0.17594816367121074,
        0.1832794912424957,
        0.16723323764683642,
        0.17868253704120357,
        0.17348024622955907,
        0.17740040078429575
    ],
    "val_greedy_meteors": [
        0.35125231866258194,
        0.3590788383634387,
        0.36050739286526023,
        0.3655619325432846,
        0.3697568605125379,
        0.36312864240435605,
        0.3689643566555014,
        0.3708943553914649,
        0.3708888411320957,
        0.3713088335564393
    ],
    "val_greedy_ciders": [
        0.30890310247293407,
        0.3593513323985433,
        0.34099445572087017,
        0.34426981596835526,
        0.36557902944012627,
        0.37620109855964023,
        0.34823029163133634,
        0.37663615084914076,
        0.3630925891142142,
        0.38609764410769176
    ],
    "val_beam_bleus": [
        0.17220686053840212,
        0.1956180742005887,
        0.18868826155245413,
        0.1857047477712054,
        0.19598332170746893,
        0.20544692148255173,
        0.18917565295525954,
        0.19821517599826272,
        0.19675811671865978,
        0.19850800908320032
    ],
    "val_beam_meteors": [
        0.3496494054234917,
        0.35795353896749693,
        0.3639954630813344,
        0.3638476322419512,
        0.370734886835911,
        0.3680523161889987,
        0.3727652072091863,
        0.36971933196595774,
        0.37235732727637716,
        0.3735003892362994
    ],
    "val_beam_ciders": [
        0.3246423165114484,
        0.38023889667383476,
        0.3756229313497982,
        0.3702815159652045,
        0.4030223936039131,
        0.4122269763157439,
        0.39038701815190646,
        0.4041590660541427,
        0.4088408395496924,
        0.41409324042522433
    ]
}