{
    "train_losses": [
        4.417820595572977,
        3.7961531403485465,
        3.6384589711357567,
        3.5288886232937084,
        3.4475252263686236,
        3.3594730999890494,
        3.3040744882471422,
        3.270477038551779,
        3.238094637253705,
        3.200251329646391,
        3.1567876737258014,
        3.12429453793694,
        3.106343267104205,
        3.0872664277693804,
        3.06498379314647,
        3.0289395887711468,
        3.012249009188484,
        2.9994028803881476,
        2.982679792852963,
        2.975707440656774,
        2.9425471389994904,
        2.927986192703247,
        2.9181846657921287,
        2.9088150203929226,
        2.898769568835988,
        2.868523754793055,
        2.8551024953056783,
        2.849277052598841,
        2.83028076171875,
        2.835553763333489,
        2.8222238529429715,
        2.8024406405056226,
        2.799607997221105,
        2.7927213337842156,
        2.7834495174183567,
        2.76434295093312,
        2.7583021663216982,
        2.74559455983779,
        2.746833002427045,
        2.744505601209753,
        2.7283655649072984,
        2.712927183824427,
        2.7163739799050726,
        2.7107322782628676,
        2.7066527450785918,
        2.6959664479423973,
        2.68653112523696,
        2.6807327377094943,
        2.674930449093089,
        2.681769334568697
    ],
    "val_greedy_bleus": [
        0.11230290899052639,
        0.10817007118426605,
        0.10350526292714782,
        0.1292373815181614,
        0.11506198477442038,
        0.10352839562259604,
        0.11158927237315007,
        0.12402140499915204,
        0.12189779294170364,
        0.12346868758949596
    ],
    "val_greedy_meteors": [
        0.24088162588306164,
        0.2712269383150633,
        0.2707817629535287,
        0.27326611956196134,
        0.2703054964888285,
        0.2790922640020495,
        0.27831183717721236,
        0.2756786113968628,
        0.27477546341839576,
        0.27416630927791463
    ],
    "val_greedy_ciders": [
        0.06392853155915328,
        0.08461930338543326,
        0.0826473492837075,
        0.11007752906298404,
        0.09362839019002206,
        0.0976555327746627,
        0.10166146818751225,
        0.10397119924303332,
        0.10831043163381346,
        0.10645353115994383
    ],
    "val_beam_bleus": [
        0.12562586030527156,
        0.11119531538570934,
        0.11184817625776863,
        0.12034265516756308,
        0.12791213567526635,
        0.10761901535646799,
        0.10959953340681869,
        0.12194132793047914,
        0.12119259081226073,
        0.11557111672360763
    ],
    "val_beam_meteors": [
        0.2504031256266943,
        0.2690771829323708,
        0.27421909092631586,
        0.2646514313012188,
        0.2702832857425203,
        0.28081496458828287,
        0.2781223971154863,
        0.27450696167430966,
        0.2784109292188892,
        0.2774065396182676
    ],
    "val_beam_ciders": [
        0.08471144865815032,
        0.09671861384432806,
        0.10257086192120413,
        0.10865350202282673,
        0.11945669893622672,
        0.10686687315348456,
        0.1119764445477555,
        0.11994957156090273,
        0.1141075785005677,
        0.11332749182496854
    ]
}