{
    "train_losses": [
        4.275187840181238,
        3.5724245576297537,
        3.376241370930391,
        3.266851610295913,
        3.176930456161499,
        3.084414370480706,
        3.0307835960388183,
        2.995122532564051,
        2.9618703842163088,
        2.936481055652394,
        2.8744329452514648,
        2.8571509069554946,
        2.8271304253970877,
        2.8161256515278534,
        2.7966345865586226,
        2.758563252056346,
        2.7320061335844152,
        2.7237859950346106,
        2.7115493824902703,
        2.7038182982276466,
        2.6719776310640224,
        2.649940217523014,
        2.6424071244632494,
        2.636031250673182,
        2.620368742101333,
        2.5995563058292164,
        2.589479715122896,
        2.5807469659693103,
        2.572781033235438,
        2.561340790355907,
        2.546756159838508,
        2.5429696301852958,
        2.5288594021516686,
        2.5263562353919533,
        2.515356357798857,
        2.504146535536822,
        2.500766439998851,
        2.493728802624871,
        2.4922912900588092,
        2.4816651753818286,
        2.467803820441751,
        2.468217185525333,
        2.4542640848720776,
        2.4564432054407455,
        2.4550593488356647,
        2.4469017859066233,
        2.4409774791493137,
        2.4389603743833654,
        2.4328867839364445,
        2.429258317386403
    ],
    "val_greedy_bleus": [
        0.16140431762618956,
        0.16495861795548206,
        0.17031348970710236,
        0.17786820760880964,
        0.17790909964973628,
        0.19110358684980422,
        0.17779717129710712,
        0.18043292908200176,
        0.1796259183479968,
        0.18462466721360593
    ],
    "val_greedy_meteors": [
        0.342512759814289,
        0.3421440622093371,
        0.36439323457215783,
        0.36429911536059123,
        0.3558376956105393,
        0.3671572928848652,
        0.3710111344723605,
        0.3655665206467278,
        0.3683996036716378,
        0.3690659188204913
    ],
    "val_greedy_ciders": [
        0.3040305326079176,
        0.31338771256510406,
        0.34370497099136915,
        0.3526416392057476,
        0.36024395345543386,
        0.38405622223409736,
        0.360457400156646,
        0.3704015718702939,
        0.3728819624660618,
        0.3775432165474156
    ],
    "val_beam_bleus": [
        0.17878989265773412,
        0.18721160598314646,
        0.18547494059032849,
        0.1909555820286099,
        0.20089202478663812,
        0.20428590782801076,
        0.19660167958881397,
        0.2026975103948309,
        0.2002782204244127,
        0.20286636917888415
    ],
    "val_beam_meteors": [
        0.34586094788471133,
        0.34887029911292994,
        0.365890814671135,
        0.3640955433257568,
        0.3644508844143109,
        0.36688548556875566,
        0.3741582593568055,
        0.37076763702731813,
        0.372329309497014,
        0.3695042944652776
    ],
    "val_beam_ciders": [
        0.3262232463190487,
        0.3439471765874243,
        0.37020887464990354,
        0.3795016861400106,
        0.3937172385361112,
        0.39532460739449315,
        0.39201276832207965,
        0.3999227415956426,
        0.4085896722201994,
        0.40554347540292573
    ]
}