{
    "train_losses": [
        4.521105842029347,
        3.7189003630245434,
        3.4803087649625892,
        3.3541672297085032,
        3.2531275833354276,
        3.1710059923284195,
        3.1074968758751362,
        3.069416817496805,
        3.0290446354361142,
        2.999559825448429,
        2.9496819855185117,
        2.921901824053596,
        2.8954363334880155,
        2.8783801471485813,
        2.8564816923702465,
        2.820955378588508,
        2.820229945463293,
        2.802280933155733,
        2.7794250931459317,
        2.772198454351986,
        2.7478957905488857,
        2.7355497461206775,
        2.7236568024579215,
        2.7029021992402917,
        2.7132875363966997,
        2.682732638751759,
        2.676080388461842,
        2.6599353408813475,
        2.656955666261561,
        2.6471204942815443,
        2.640392702327055,
        2.634804395226871,
        2.6242309183232924,
        2.6139117240905763,
        2.6102458723853617,
        2.598743713042315,
        2.595898702284869,
        2.5801532049740064,
        2.5859270931692686,
        2.5853571953493004,
        2.5657476711273195,
        2.56686596028945,
        2.5624027426102582,
        2.5590822921079748,
        2.5508396232829376,
        2.551249386282528,
        2.5466308582530304,
        2.5390635007970475,
        2.5429073171054615,
        2.538214407528148
    ],
    "val_greedy_bleus": [
        0.13562094252480267,
        0.16312073017323017,
        0.18001339532553434,
        0.17246598891277912,
        0.17782913146002446,
        0.17711288458928298,
        0.18189075797116655,
        0.1780915351251645,
        0.17918348364704562,
        0.18173978405524943
    ],
    "val_greedy_meteors": [
        0.33556313118492354,
        0.3532612476421343,
        0.3544761192654499,
        0.3636821360031615,
        0.358632529959863,
        0.3649792739057065,
        0.36544825719913226,
        0.3684897878119629,
        0.3695750527079676,
        0.3685766411379575
    ],
    "val_greedy_ciders": [
        0.2657205873247159,
        0.318072485998083,
        0.3561822646471457,
        0.3492946007141639,
        0.3517495113970885,
        0.36104097471347013,
        0.37050757923637917,
        0.36400102240178117,
        0.36929146746509295,
        0.37497533883685585
    ],
    "val_beam_bleus": [
        0.1515862743909152,
        0.18148204917831554,
        0.1968205699248389,
        0.1899201157585424,
        0.19813760676607212,
        0.1975540637293658,
        0.19769740782283524,
        0.1965419619716013,
        0.19619363086174227,
        0.20342518660957903
    ],
    "val_beam_meteors": [
        0.34270223013517087,
        0.3580898680381979,
        0.3612646852440232,
        0.3663560733356397,
        0.3647485630341739,
        0.36907740807597106,
        0.36638567846255005,
        0.36888629306105764,
        0.36894986361090193,
        0.37202210453849843
    ],
    "val_beam_ciders": [
        0.2922249903842652,
        0.3578717857357494,
        0.3826209773976425,
        0.3821737395482887,
        0.38602888043977396,
        0.39589410106063333,
        0.39286256443675144,
        0.39843097952503487,
        0.40477460317074754,
        0.4179167931165677
    ]
}