{
    "train_losses": [
        4.35795958948807,
        3.5192941399247433,
        3.2897352041772834,
        3.154042277537601,
        3.049815649157958,
        2.9543822460890934,
        2.8899030551104476,
        2.836542746270766,
        2.787610010362007,
        2.753610081515961,
        2.688041859389471,
        2.6372072875779557,
        2.615839117569543,
        2.5868829292870466,
        2.562053009937627,
        2.5060679565572963,
        2.4835243851925846,
        2.45646397496613,
        2.4417776748048308,
        2.414891137763368,
        2.378603178570528,
        2.357454749899851,
        2.3416330915101815,
        2.3244948543853043,
        2.312802021492255,
        2.276762563857674,
        2.263373041376821,
        2.2460442149023496,
        2.2381963248543895,
        2.221843957901001,
        2.199697230343528,
        2.1827437821688225,
        2.1734721627033933,
        2.162223690552331,
        2.150440919007494,
        2.1352761060419216,
        2.128046534430813,
        2.1166816586060144,
        2.10181625516202,
        2.097669673077937,
        2.083055763737137,
        2.074912128873834,
        2.0677545591139457,
        2.050296533835326,
        2.047730392693354,
        2.0362506147841333,
        2.0271474503575355,
        2.024700594060298,
        2.016498201889611,
        2.0073645629793266
    ],
    "val_greedy_bleus": [
        0.17982271165900623,
        0.18073128606501185,
        0.18831946264790753,
        0.1874646456912784,
        0.19269715180726624,
        0.1984051467827558,
        0.19311956444487838,
        0.18824962377978455,
        0.18815402343105897,
        0.18277344460379635
    ],
    "val_greedy_meteors": [
        0.36685515855391826,
        0.374396187047893,
        0.37801163026406687,
        0.37712298736047356,
        0.3802426963617264,
        0.381328375292614,
        0.38127461431442533,
        0.3802438599990408,
        0.37753727144069826,
        0.3829795100002423
    ],
    "val_greedy_ciders": [
        0.3661210942770845,
        0.389180460489852,
        0.4096330630715854,
        0.40407220342385075,
        0.4093365478391299,
        0.42401918970700636,
        0.41323814445473417,
        0.4053460282301673,
        0.40670135789407974,
        0.4131340634757781
    ],
    "val_beam_bleus": [
        0.20227722570498569,
        0.20103763917325787,
        0.20753757835340245,
        0.21217452847489587,
        0.21640981534788412,
        0.21421906762179177,
        0.21653700345623234,
        0.20796690644368174,
        0.2121671903138609,
        0.20271537430617564
    ],
    "val_beam_meteors": [
        0.3722382259178669,
        0.37627060390847017,
        0.37933092330231855,
        0.3782767714785712,
        0.3849248386295073,
        0.3814283164063452,
        0.3853726095532167,
        0.3824279858402359,
        0.37969062176904006,
        0.38262861403855863
    ],
    "val_beam_ciders": [
        0.4075209607552086,
        0.4155270563747336,
        0.44349058589370977,
        0.4362143158855422,
        0.4514628091264156,
        0.4523592181770832,
        0.4461325743994028,
        0.44367698354871093,
        0.44499527671633926,
        0.4396675039371852
    ]
}