{
    "train_losses": [
        4.411780823004637,
        3.56541259076114,
        3.3278761223448274,
        3.192152638950258,
        3.1054096412210956,
        3.0019837343636815,
        2.9347462933947783,
        2.899480787241403,
        2.8472444977558835,
        2.8165778587681585,
        2.7541269035966183,
        2.7213220585120115,
        2.6963399676649784,
        2.671529085983133,
        2.6459751050796867,
        2.606600311440481,
        2.583602684764235,
        2.556810051062857,
        2.5489676647902653,
        2.523782164837833,
        2.491747391615675,
        2.4772911318031277,
        2.457297893756992,
        2.4532443984573438,
        2.4290764130337137,
        2.404284223144603,
        2.388367900266334,
        2.375322589292213,
        2.3722211889258014,
        2.353823099897501,
        2.333472127645788,
        2.320100910786732,
        2.3094873002997027,
        2.2949350204825962,
        2.2944013120982567,
        2.2794093402898365,
        2.2663228131236046,
        2.258724734257085,
        2.242508008446492,
        2.24486591334634,
        2.2240126524732706,
        2.22157020300207,
        2.214750820482281,
        2.209627089925775,
        2.195358691640863,
        2.1910604132173206,
        2.175404348283866,
        2.177691276644317,
        2.167729376627246,
        2.173805917372726
    ],
    "val_greedy_bleus": [
        0.14299268889390063,
        0.17652407732648162,
        0.18597398495322123,
        0.19465372065575107,
        0.18271301414803137,
        0.19403175780706192,
        0.19837479546168263,
        0.18726855427429523,
        0.19523969714223222,
        0.1997365397696954
    ],
    "val_greedy_meteors": [
        0.35753259453677805,
        0.3660100629159036,
        0.37335177004194253,
        0.37776502384397853,
        0.3833218882356178,
        0.3862348526647786,
        0.3861292200649022,
        0.38828193349672985,
        0.38901242539295244,
        0.38580569637857376
    ],
    "val_greedy_ciders": [
        0.30108236762721874,
        0.3553615702445342,
        0.3872617281500369,
        0.40564021874925743,
        0.4041505592782718,
        0.4303123215218953,
        0.4282594268326058,
        0.4209986335657958,
        0.43241284692797266,
        0.43648250931713506
    ],
    "val_beam_bleus": [
        0.1607136518477722,
        0.20108591314637006,
        0.20754958253533437,
        0.2116262368804759,
        0.20817937574855008,
        0.21915885970743176,
        0.2183031948436054,
        0.2092059360449265,
        0.21873122737814676,
        0.2194213362312053
    ],
    "val_beam_meteors": [
        0.36002934388799535,
        0.3730607032709706,
        0.3790634844115188,
        0.3832035647197118,
        0.38469990094724626,
        0.38751751810185375,
        0.3870647800224251,
        0.38815054722444164,
        0.3901247618024336,
        0.38953695180765535
    ],
    "val_beam_ciders": [
        0.3273114393132666,
        0.40566818440676883,
        0.424770539167706,
        0.4344017443477909,
        0.4437096430733901,
        0.4624718890521782,
        0.45197083791269044,
        0.4571606379253041,
        0.46740173867852935,
        0.4648353156246818
    ]
}