{
    "train_losses": [
        4.337956734825583,
        3.7632078277363497,
        3.5988269654442284,
        3.484563232870663,
        3.4114128617679373,
        3.319134587119607,
        3.254035949146046,
        3.2171790672751035,
        3.174949400845696,
        3.1413758956684785,
        3.079891596401439,
        3.0528852215935203,
        3.0202501936519845,
        3.0029438147825354,
        2.9699423223383286,
        2.930073876100428,
        2.910126983418184,
        2.883277633330401,
        2.859548376868753,
        2.8518215358958523,
        2.8153484181796804,
        2.7971285623662614,
        2.780775475221522,
        2.766259152468513,
        2.752420700297636,
        2.7195715982773723,
        2.7015508679782645,
        2.6863492270076974,
        2.672383087943582,
        2.6647542448604806,
        2.6324062616684856,
        2.621499131707584,
        2.616184725480921,
        2.6056110438178566,
        2.597064743041992,
        2.5631502050511976,
        2.5601770518807805,
        2.5423074884975656,
        2.5356360194262337,
        2.527115743300494,
        2.506215645285214,
        2.4992939954645492,
        2.489563778147978,
        2.486309372958015,
        2.476677444121417,
        2.4550843457614673,
        2.4497264716204477,
        2.4423241811640124,
        2.4328542518615723,
        2.429531712812536
    ],
    "val_greedy_bleus": [
        0.10140654053661087,
        0.1202219610994623,
        0.11139098644278889,
        0.12011862611867842,
        0.10667291630808788,
        0.1191401541952698,
        0.11775112366407739,
        0.11951864801793269,
        0.1088854984061609,
        0.11243096698678025
    ],
    "val_greedy_meteors": [
        0.27162536744868615,
        0.2666533079794075,
        0.27906343815120416,
        0.2729051157030895,
        0.28387728526393824,
        0.27879016245885885,
        0.2830673707855061,
        0.28153504041300365,
        0.28078128639197203,
        0.2806192939542332
    ],
    "val_greedy_ciders": [
        0.07234006455807077,
        0.08248253263188829,
        0.09245032640413363,
        0.10104194063442024,
        0.09778959214200314,
        0.10617214245331523,
        0.09976437218430076,
        0.10811818249927348,
        0.10066176655167,
        0.10768202942029594
    ],
    "val_beam_bleus": [
        0.11576808512998332,
        0.12562904472200184,
        0.11493796772497922,
        0.12702664602496172,
        0.11189263955320687,
        0.11723737338681453,
        0.1186630405258795,
        0.12189492143157067,
        0.10969696946580969,
        0.12138853298344797
    ],
    "val_beam_meteors": [
        0.27149130706392427,
        0.2641950136778557,
        0.28051816641199023,
        0.2676526664312188,
        0.286825123448631,
        0.27581173826736977,
        0.28401635594779134,
        0.27988866889415936,
        0.2818077990258286,
        0.2817301649163527
    ],
    "val_beam_ciders": [
        0.09308347439599168,
        0.08722350077139049,
        0.10708578659963507,
        0.11989865665999923,
        0.11533339839126987,
        0.11095319787655698,
        0.11688871844455254,
        0.12334525258164622,
        0.10973468567886437,
        0.13362587918377442
    ]
}