{
    "train_losses": [
        3.2808454469698476,
        2.797929258213898,
        2.6789437972780727,
        2.601976335877797,
        2.5481914423717047,
        2.4780920696037447,
        2.442169280288024,
        2.4132629457913004,
        2.395567448651404,
        2.372864903769869,
        2.32328053926574,
        2.3032105453600287,
        2.2936963358839293,
        2.2748924694621397,
        2.2646902654970633,
        2.2276616042143043,
        2.2129208068759216,
        2.209963602665956,
        2.1978995480345795,
        2.187968938299088,
        2.1651003856378876,
        2.148354132540259,
        2.144115683284388,
        2.1394659571890853,
        2.124596349054363,
        2.1003978572083404,
        2.099398819888025,
        2.090786689952868,
        2.081566733499583,
        2.074889489543125,
        2.06192236143802,
        2.0556037383617536,
        2.0484601691296147,
        2.0488814836860256,
        2.0393143768841187,
        2.0268857464355516,
        2.0246418476841734,
        2.0193566141946606,
        2.0122290104397296,
        2.00990305184581,
        1.998669871130535,
        1.9898984474597796,
        1.9886263168576697,
        1.987487757500762,
        1.9813639757437904,
        1.9697345091718057,
        1.9721895470132784,
        1.9650059584672153,
        1.9631853024410502,
        1.9617554895476175
    ],
    "val_greedy_bleus": [
        0.23072807105386714,
        0.2373672806696022,
        0.24241443921354047,
        0.24666070461007525,
        0.2509859952678537,
        0.25514794954508435,
        0.2517995888197233,
        0.2535162635374419,
        0.2576954728515777,
        0.25899326300454384
    ],
    "val_greedy_meteors": [
        0.4246367016910768,
        0.4341419127830843,
        0.4349296707503169,
        0.44154626945705117,
        0.4430947174632816,
        0.44785321091243807,
        0.44639484217035863,
        0.4463269022217164,
        0.44909305940869104,
        0.44999333373751
    ],
    "val_greedy_ciders": [
        0.73879327952619,
        0.7665869560413625,
        0.7845267307551146,
        0.800302416953916,
        0.8135390840303454,
        0.8173160027163149,
        0.8196927213024247,
        0.8213137151352705,
        0.8320162920320245,
        0.8337823236548136
    ],
    "val_beam_bleus": [
        0.25414594413815844,
        0.26336670329611156,
        0.2752062756337999,
        0.2812649520857559,
        0.27942337262530414,
        0.2798496054822162,
        0.27858478985102364,
        0.2816004799483055,
        0.28248523388750846,
        0.2841794597885332
    ],
    "val_beam_meteors": [
        0.4268124204886831,
        0.438315582766781,
        0.44514839086385716,
        0.4507050872931811,
        0.45256936886597615,
        0.45326950968921453,
        0.4541295824896514,
        0.45479512128790284,
        0.4551022118123317,
        0.4570834799784965
    ],
    "val_beam_ciders": [
        0.7646818967573226,
        0.8034526604895964,
        0.835735255604785,
        0.8455500906041672,
        0.8553308126623771,
        0.8512284616736625,
        0.8593544832040103,
        0.8657320825726403,
        0.8681698768863566,
        0.8707514567387483
    ]
}