{
    "train_losses": [
        4.092235253277947,
        3.534448467142442,
        3.3685916429407454,
        3.294078017403098,
        3.22052562938017,
        3.1126394327949076,
        3.067826292374555,
        3.0332564084670124,
        3.004587418612312,
        2.967711534500122,
        2.9052436222749596,
        2.8858443804348215,
        2.8465569933723,
        2.833729372024536,
        2.821687921636245,
        2.7731756950827204,
        2.748632691327263,
        2.7319919816185445,
        2.721243502672981,
        2.708583683126113,
        2.6634979719274186,
        2.64273037629969,
        2.6223247146606443,
        2.6090499838660746,
        2.598274140077479,
        2.565560170902925,
        2.549927480361041,
        2.5415220535502714,
        2.5328456317677217,
        2.517569917230045,
        2.4954565727009492,
        2.479484175513772,
        2.4727430826074936,
        2.4618378667270435,
        2.4534215102476233,
        2.4310216959785014,
        2.4186293557110954,
        2.4220181352951946,
        2.413268623352051,
        2.4051492763968074,
        2.3791469276652615,
        2.372614498138428,
        2.370043986825382,
        2.359514061983894,
        2.3536924384622013,
        2.344529508702895,
        2.3325608444213866,
        2.332341199762681,
        2.3287142529207117,
        2.3137113660924573
    ],
    "val_greedy_bleus": [
        0.13457400296447147,
        0.163479155050168,
        0.16004215112531153,
        0.17697924546418972,
        0.17299693439795316,
        0.1745553965293692,
        0.18412605947709446,
        0.17916219693913601,
        0.18473334742178074,
        0.17723924001671057
    ],
    "val_greedy_meteors": [
        0.33347783673390546,
        0.3515127464807762,
        0.3574073143809453,
        0.36882936074131,
        0.361781697570887,
        0.3630774248497017,
        0.36563125449567635,
        0.3612394896678513,
        0.37046135055344476,
        0.3672465246319995
    ],
    "val_greedy_ciders": [
        0.2638302555088332,
        0.3276263991439912,
        0.3174194307411316,
        0.3602785492713592,
        0.36105586384667,
        0.35543504245043184,
        0.3776515286611813,
        0.3647414666373445,
        0.37251881539495485,
        0.3615729572669844
    ],
    "val_beam_bleus": [
        0.15708952013419622,
        0.1947972945198325,
        0.18281411433464922,
        0.19704611324613563,
        0.19953581715022653,
        0.19420194123542042,
        0.20667353727097593,
        0.2015474554703207,
        0.20045328387316527,
        0.20004707136104166
    ],
    "val_beam_meteors": [
        0.3427398131036827,
        0.35977913407012085,
        0.3606753503806647,
        0.36840695936354123,
        0.36974326958945103,
        0.3641821316439862,
        0.3718398687890102,
        0.36740295097200315,
        0.37026007971928976,
        0.3717665475916899
    ],
    "val_beam_ciders": [
        0.3051055902381851,
        0.3619110496496228,
        0.35018624955459626,
        0.38934629564705364,
        0.398567354301276,
        0.38309612070424226,
        0.4103539111848686,
        0.39991829955476726,
        0.4033106447774065,
        0.40416622822029924
    ]
}