{
    "train_losses": [
        5.255499601364136,
        4.333049178123474,
        4.113408803939819,
        3.8810447454452515,
        3.5399672985076904,
        3.34061598777771,
        3.207766890525818,
        3.2305997610092163,
        3.004820227622986,
        2.975868344306946,
        2.9715970754623413,
        2.877911329269409,
        2.812924385070801,
        2.76806378364563,
        2.6608219146728516,
        2.6583303213119507,
        2.4666954278945923,
        2.5635600090026855,
        2.492859721183777,
        2.49480140209198,
        2.3867125511169434,
        2.4560205936431885,
        2.3556166887283325,
        2.3099381923675537,
        2.27191424369812,
        2.1853190660476685,
        2.2723101377487183,
        2.208933115005493,
        2.228716254234314,
        2.2207939624786377,
        2.1434637308120728,
        2.2042447328567505,
        2.211881399154663,
        2.1089649200439453,
        2.1412928104400635,
        2.0328115820884705,
        2.0863066911697388,
        2.0785869359970093,
        2.1411975622177124,
        2.0940337777137756,
        1.9843133091926575,
        2.0228707790374756,
        2.0408735275268555,
        1.9788304567337036,
        2.0339948534965515,
        1.9455894231796265,
        2.0070860385894775,
        1.9553369283676147,
        1.9626765847206116,
        1.9365683794021606
    ],
    "val_greedy_bleus": [
        0.10860763119075824,
        0.139164500668788,
        0.052364458101885517,
        0.05873919457881557,
        0.03915542985640195,
        0.04213260725680889,
        0.05433552595128776,
        0.07260201242065008,
        0.08451104426483155,
        0.07449545526565932
    ],
    "val_greedy_meteors": [
        0.2020872933614206,
        0.22995036188714424,
        0.20092381617495378,
        0.24165023620509382,
        0.2333325215240813,
        0.24709462500445684,
        0.2552457512156123,
        0.2781644133795877,
        0.2645171496146945,
        0.2618690130090022
    ],
    "val_greedy_ciders": [
        0.048746657821559326,
        0.07951963389340587,
        0.02622987501651282,
        0.07284531550711074,
        0.06636126359850848,
        0.06485246733093014,
        0.1255741235863277,
        0.1047415487600705,
        0.10433242083160629,
        0.09798968953893718
    ],
    "val_beam_bleus": [
        0.11970660081065866,
        0.1272814366114682,
        0.08862941197277187,
        0.11126777575799225,
        0.07999869779212423,
        0.06194866950494949,
        0.08363603407101178,
        0.0751338298107265,
        0.08039606482378668,
        0.07872596445788531
    ],
    "val_beam_meteors": [
        0.19431448300268947,
        0.2306594161444634,
        0.24647370007147887,
        0.22781623811419074,
        0.22905849987977128,
        0.26352046492474024,
        0.23410999478896632,
        0.27460609449222323,
        0.25151014275143463,
        0.25395439464505404
    ],
    "val_beam_ciders": [
        0.0536616453874937,
        0.08880061501130931,
        0.1285044738034206,
        0.11308099865820181,
        0.11171835137431348,
        0.13071242871406574,
        0.12256104120692454,
        0.1345960569691964,
        0.1382478474566044,
        0.14255283612939743
    ]
}