{
    "train_losses": [
        4.539773054525885,
        3.693423392067493,
        3.4712972081323183,
        3.3344098458267712,
        3.2391618271948586,
        3.1438242225020145,
        3.101303115137306,
        3.044217221613781,
        3.0015135964317503,
        2.966240469838532,
        2.9227238171537158,
        2.894772894505604,
        2.8756596224968423,
        2.847322343100964,
        2.826349286406253,
        2.786378972407238,
        2.766335194099677,
        2.759851246372635,
        2.7406774596988877,
        2.7211038170845856,
        2.695740215095556,
        2.6735627270640343,
        2.656914816216124,
        2.6561002809676766,
        2.6399508899366353,
        2.6218167090080153,
        2.6042012619860295,
        2.5885227801094595,
        2.584019964289777,
        2.57898692905623,
        2.556005596554895,
        2.540244609537259,
        2.5334560826350825,
        2.5377581656818657,
        2.516698180230011,
        2.508583194213294,
        2.5024883500846897,
        2.495050227698026,
        2.486458825393462,
        2.47891877402722,
        2.4716282999011834,
        2.4598494885672983,
        2.458298600335636,
        2.4530343819112286,
        2.4406377396113434,
        2.4391353768362127,
        2.4372395428133684,
        2.4243154682463883,
        2.421420607768314,
        2.4178739377590412
    ],
    "val_greedy_bleus": [
        0.1483110113898127,
        0.1573784752079076,
        0.1644683616596715,
        0.16680099910028512,
        0.16658637524173117,
        0.16820500231511137,
        0.16578631604977812,
        0.16633934708212536,
        0.17522644940523843,
        0.17522647418769507
    ],
    "val_greedy_meteors": [
        0.33209346567179854,
        0.33710004656257664,
        0.34351512971236403,
        0.3512110700772664,
        0.3538689978586763,
        0.3551263643177208,
        0.35794884935469823,
        0.3554718659335495,
        0.35348684259341395,
        0.35361105315163355
    ],
    "val_greedy_ciders": [
        0.24711248418279286,
        0.2824233671955408,
        0.3043124130265355,
        0.31073524495757826,
        0.3124116364707457,
        0.3110174170380767,
        0.31181792328826435,
        0.31351484017125525,
        0.3264127764380159,
        0.3263561503660124
    ],
    "val_beam_bleus": [
        0.17030780127215503,
        0.1776337426583882,
        0.18511494311121232,
        0.18780750802063942,
        0.1873006733289981,
        0.18514585963758612,
        0.18673065057286542,
        0.1898520279359989,
        0.1907870282796547,
        0.19210530301228268
    ],
    "val_beam_meteors": [
        0.3385250929526888,
        0.3445586553991052,
        0.3509103311684122,
        0.35080795886155414,
        0.3542813564430041,
        0.3552166181937876,
        0.3604220266433085,
        0.35761237158658055,
        0.3528374518470581,
        0.3530467441771131
    ],
    "val_beam_ciders": [
        0.281161534772254,
        0.31735750300691173,
        0.33757305632573337,
        0.3367308976384829,
        0.34355581260804696,
        0.3422146369927983,
        0.3474792714153329,
        0.3553581438005059,
        0.35166352772844267,
        0.35411651801897076
    ]
}