{
    "train_losses": [
        3.3656276436824886,
        2.886763443349871,
        2.7736009412792035,
        2.700324966513208,
        2.6572957352103184,
        2.587630402360117,
        2.553534425576282,
        2.5303928560967424,
        2.515867144099712,
        2.4915268170594063,
        2.456024568268836,
        2.4332627218326057,
        2.419574257395183,
        2.4035447373456527,
        2.394635956291069,
        2.364459340686592,
        2.3495330261483995,
        2.3456988669989465,
        2.335460777444854,
        2.3239932834088712,
        2.3056515239674304,
        2.2921973107587057,
        2.2794163945653523,
        2.276054663120134,
        2.2684914785706463,
        2.2503446388465727,
        2.237962874783983,
        2.2333020799126837,
        2.2296871274847887,
        2.227516302369662,
        2.20986186241993,
        2.202742083363776,
        2.1990069593122974,
        2.190623124563344,
        2.1882075016060054,
        2.1716951373187245,
        2.1663557495547594,
        2.1655696094312478,
        2.16616716303818,
        2.155986847243685,
        2.1486378215380024,
        2.1420291253182766,
        2.1402725626180494,
        2.137303698007622,
        2.131202307882412,
        2.1204666206973046,
        2.119913335561384,
        2.117691052752263,
        2.11541676079103,
        2.1120201328991
    ],
    "val_greedy_bleus": [
        0.226157536872259,
        0.22045053655042196,
        0.24568816447110445,
        0.2452274285941504,
        0.24681627480293922,
        0.2493907452620978,
        0.2539139235542829,
        0.25543710629541744,
        0.2546392222356643,
        0.25465046951529624
    ],
    "val_greedy_meteors": [
        0.4073693961454566,
        0.4047174501141972,
        0.4274650992161209,
        0.4283692087316254,
        0.42876248075467477,
        0.434895287737187,
        0.43414077004445956,
        0.4350932111818594,
        0.4376707119621727,
        0.43611871991420414
    ],
    "val_greedy_ciders": [
        0.671058427097011,
        0.65692861056845,
        0.7422232642324084,
        0.7525145702263155,
        0.7541986799250052,
        0.7694082308950606,
        0.7775439045972731,
        0.7790549943462936,
        0.7865936109533538,
        0.7797525038601236
    ],
    "val_beam_bleus": [
        0.2493901880617655,
        0.25943547981249326,
        0.2689516166251787,
        0.2714096878432399,
        0.27374723048784794,
        0.2767138340611581,
        0.2769077254020529,
        0.27893602770401105,
        0.2813871709129331,
        0.2819761282573377
    ],
    "val_beam_meteors": [
        0.41364553168630613,
        0.42245815987346264,
        0.4288738073984879,
        0.4340782361839336,
        0.4380052599408108,
        0.44043511063251817,
        0.4395057793767441,
        0.43981318843357875,
        0.4436160173621342,
        0.4451393933239361
    ],
    "val_beam_ciders": [
        0.7089185746767468,
        0.7367668302213738,
        0.7718201728204579,
        0.7906535326367722,
        0.7973904490418384,
        0.8086739102486528,
        0.8091307565832374,
        0.8145489249843919,
        0.822065162573093,
        0.8263264244247639
    ]
}