{
    "train_losses": [
        3.343346504929261,
        2.8508915532685504,
        2.735677116436789,
        2.6604393691146946,
        2.608456773588425,
        2.5408805216298407,
        2.5034991462227,
        2.480623585363444,
        2.4573039013598765,
        2.4406631409292796,
        2.3963981369363467,
        2.3777981843609344,
        2.3630020065690855,
        2.347038163376002,
        2.342557675134638,
        2.3148343997908154,
        2.299671176227941,
        2.290296139912406,
        2.2801175853568583,
        2.270238599323968,
        2.244283948560034,
        2.2355146681691247,
        2.227550258315881,
        2.2264382237628952,
        2.2186992739599307,
        2.1992273346349664,
        2.1931967228604985,
        2.180631952178902,
        2.1781586174618517,
        2.1735799438802315,
        2.158896931724902,
        2.1527929326297697,
        2.1517606150053754,
        2.146576612496855,
        2.142333723385883,
        2.1357496862617857,
        2.1247882659689536,
        2.1197855230276885,
        2.1175623034030613,
        2.1137107248652662,
        2.1043265631431036,
        2.102416934978096,
        2.096150185077968,
        2.0980652483206077,
        2.090786796633206,
        2.0805062805482373,
        2.082097385176551,
        2.0785349427824595,
        2.0775618007783727,
        2.0721686446500893
    ],
    "val_greedy_bleus": [
        0.2324747460431338,
        0.23992886998431473,
        0.2566449685396063,
        0.25537127377956176,
        0.2555844081556323,
        0.2576555421418306,
        0.26505236970588875,
        0.25858562160330534,
        0.2606798387786596,
        0.26627895730749845
    ],
    "val_greedy_meteors": [
        0.41892609974176925,
        0.4230955187718735,
        0.438662969245171,
        0.4389503659696493,
        0.441601296996713,
        0.44428136482777425,
        0.445442216716958,
        0.44660124564527653,
        0.4460414938715965,
        0.44998345076893215
    ],
    "val_greedy_ciders": [
        0.7139249875367115,
        0.7506966413623463,
        0.7951922299206063,
        0.806412744673379,
        0.8073111224091463,
        0.8132339095074722,
        0.8332078673645659,
        0.8204983139696478,
        0.8227757677853077,
        0.8399754962654657
    ],
    "val_beam_bleus": [
        0.26145240415684473,
        0.27443236003990057,
        0.28162263713049207,
        0.284795330800758,
        0.28540449582585053,
        0.2853276446941773,
        0.2898313237931724,
        0.2865921094350802,
        0.28529175992620254,
        0.29119595204396376
    ],
    "val_beam_meteors": [
        0.42832854905258894,
        0.4350806909802306,
        0.4444019085574622,
        0.44732360704334057,
        0.45050464272941243,
        0.4502259757397021,
        0.4549058807442545,
        0.45319726545382377,
        0.45142617297572857,
        0.45708465703642037
    ],
    "val_beam_ciders": [
        0.7633988310699976,
        0.8052387259404231,
        0.8301631983058633,
        0.8420039415734378,
        0.8529597438043122,
        0.8524406137236694,
        0.8710679745392602,
        0.8634262005316119,
        0.8602180640659031,
        0.8810974913555283
    ]
}