{
    "train_losses": [
        4.467735417309929,
        3.7337038427240707,
        3.4777991266811594,
        3.3230020590389477,
        3.2150720450457406,
        3.1183591337764964,
        3.057977626463946,
        3.007252581540276,
        2.9612669249141916,
        2.9134136183121626,
        2.869324116426356,
        2.832483424018411,
        2.816446077122408,
        2.7871849256403305,
        2.768847895790549,
        2.728186677483951,
        2.7109953538109273,
        2.6903248702778537,
        2.6790497964971207,
        2.6570840549468993,
        2.6369951450123508,
        2.619882905062507,
        2.607282600402832,
        2.602695158229155,
        2.586392199572395,
        2.5740771776087144,
        2.55837695794947,
        2.5498005440655875,
        2.532694450827206,
        2.5323322789809284,
        2.519233082042021,
        2.509179942187141,
        2.504944610595703,
        2.495920752357034,
        2.4929418446035947,
        2.481665059818941,
        2.471567788404577,
        2.462412903168622,
        2.461670253417071,
        2.4515747558369356,
        2.449343074910781,
        2.4487988157833325,
        2.4360004666272332,
        2.434797653871424,
        2.4305717008254106,
        2.427943639755249,
        2.421604641746072,
        2.417265584609088,
        2.4101835177926456,
        2.406476681653191
    ],
    "val_greedy_bleus": [
        0.15857721710770523,
        0.16123494159571594,
        0.15468591062013606,
        0.17779271169869343,
        0.17139493926604044,
        0.17001683854672922,
        0.1777911382024699,
        0.17280411102457582,
        0.1733531256904144,
        0.17297174267125512
    ],
    "val_greedy_meteors": [
        0.32944616636911844,
        0.3456266806164963,
        0.35065279070510036,
        0.35159899943572803,
        0.3562775231868584,
        0.3551382287894443,
        0.35749869481800556,
        0.3594313781100349,
        0.3574508630352108,
        0.3623696460197967
    ],
    "val_greedy_ciders": [
        0.2549811998491134,
        0.2861010177244283,
        0.2895794613946549,
        0.3290255604405988,
        0.3314391649611508,
        0.33027342017337663,
        0.3404205797005015,
        0.34052967867809936,
        0.3425923898599308,
        0.3397423365240579
    ],
    "val_beam_bleus": [
        0.16789093725800577,
        0.17325025052017903,
        0.17393194286799873,
        0.19051955417351968,
        0.1859286532737274,
        0.1877468203299905,
        0.19503387470114047,
        0.19125784280243277,
        0.19068491931760082,
        0.19104641619514265
    ],
    "val_beam_meteors": [
        0.33237040848125804,
        0.348666331030803,
        0.3557950249773363,
        0.35399161571818416,
        0.3564753813794532,
        0.3577058192334707,
        0.36146790903208587,
        0.3626457848089457,
        0.3617784862015978,
        0.36501315770207654
    ],
    "val_beam_ciders": [
        0.2777957524108593,
        0.3173337848026964,
        0.32947764181036904,
        0.3526828162409559,
        0.35908375174528573,
        0.36451405094318434,
        0.37459367364425744,
        0.37100576167336125,
        0.376541607377588,
        0.37657849644877367
    ]
}