{
    "train_losses": [
        4.552710056304932,
        3.690763297774982,
        3.4602612105893416,
        3.3255753338057112,
        3.2247095701280335,
        3.138737912469067,
        3.0731594316276585,
        3.0299292909147595,
        3.0017706071826775,
        2.9583122696675046,
        2.914370488672749,
        2.8827577790184202,
        2.8546778842317106,
        2.834503905873903,
        2.8158717849444894,
        2.7739109052738673,
        2.754954586566334,
        2.7375644562949595,
        2.7261741418793726,
        2.7191727866589184,
        2.6873178985756887,
        2.670692888224069,
        2.666954071868753,
        2.654847858097632,
        2.6364541031385254,
        2.623222977902408,
        2.605821796426191,
        2.59722685478103,
        2.587519261758652,
        2.584073014102631,
        2.5681750964670673,
        2.560442477884427,
        2.5501498168622945,
        2.5377987942225495,
        2.538600292563998,
        2.517623248794269,
        2.5220981472534754,
        2.5081790019648738,
        2.514863911928705,
        2.5037361724835607,
        2.4948336921387435,
        2.4792643276178783,
        2.477860881689009,
        2.475412405712504,
        2.467048726731063,
        2.4718027305155292,
        2.463246268285832,
        2.452281787361897,
        2.453882893486202,
        2.4489893320020935
    ],
    "val_greedy_bleus": [
        0.180315265968775,
        0.17230691314586144,
        0.19359749030275827,
        0.18308856167883247,
        0.20701682761357412,
        0.2004000985709761,
        0.19787483736456143,
        0.20210397898895785,
        0.1954033618764447,
        0.1993694088572774
    ],
    "val_greedy_meteors": [
        0.35044918864293445,
        0.3650418797934354,
        0.3769243132012304,
        0.3740530169173473,
        0.37743870360615867,
        0.37960843201489486,
        0.3803272067388839,
        0.37827903368218263,
        0.38159880720579575,
        0.379234526637938
    ],
    "val_greedy_ciders": [
        0.34323424895265253,
        0.3568744821388585,
        0.3946773866216034,
        0.38884552292211955,
        0.41871941304080995,
        0.4202841838047263,
        0.41644562582987316,
        0.4226164126420719,
        0.40827012790625306,
        0.4176909637667724
    ],
    "val_beam_bleus": [
        0.20353395725307652,
        0.18972178395179606,
        0.21412682619602255,
        0.20953976658199946,
        0.22565303325452313,
        0.22358388235764415,
        0.21876735347230924,
        0.22446670330273047,
        0.22109143343538382,
        0.22553239350586757
    ],
    "val_beam_meteors": [
        0.36061642577873415,
        0.37003501842631875,
        0.37954913486295033,
        0.3774449068069039,
        0.379892390612088,
        0.38216042144213414,
        0.3820903333429682,
        0.3827104807989302,
        0.38798545895282494,
        0.3836856076821077
    ],
    "val_beam_ciders": [
        0.3790421219019988,
        0.3900800022535191,
        0.4349349860583966,
        0.4277934833902,
        0.4430778216801495,
        0.4473691273083612,
        0.4493729536279904,
        0.45646633721240953,
        0.45957560295894334,
        0.4613647836424588
    ]
}