{
    "train_losses": [
        4.632671661376953,
        3.9434027419370765,
        3.7435662830577177,
        3.62486808720757,
        3.5359460735321044,
        3.4650285092522117,
        3.4137163549311023,
        3.3827461691463694,
        3.339866162468405,
        3.301578348945169,
        3.273260381923002,
        3.2556559265361114,
        3.2307720189936022,
        3.215957129983341,
        3.2011580921621885,
        3.1639765127967387,
        3.1586836495118984,
        3.1457510796715233,
        3.128962953230914,
        3.112955415950102,
        3.0907476116629207,
        3.0781838512420654,
        3.0799849504583023,
        3.0528172655666577,
        3.0535048484802245,
        3.0366556223701027,
        3.0268726040335263,
        3.020453711678,
        3.018104736664716,
        3.0036322531980626,
        2.9876551970313576,
        2.9838872477587532,
        2.9876153149324307,
        2.977054120793062,
        2.973358558766982,
        2.9677343727560603,
        2.9512158954844754,
        2.946970451579374,
        2.9415282765556783,
        2.9440087402568142,
        2.932207165886374,
        2.9302258020288803,
        2.9301201141581816,
        2.924438109117396,
        2.9199484510982736,
        2.914681712318869,
        2.906203862358542,
        2.9062979614033417,
        2.8986569533628574,
        2.894749013115378
    ],
    "val_greedy_bleus": [
        0.1118952535489204,
        0.10353420773081114,
        0.1213286464385926,
        0.10602981377335843,
        0.11120601500683636,
        0.12124016484732968,
        0.10989511279001196,
        0.11791171120105472,
        0.11489257123767986,
        0.12123857155248721
    ],
    "val_greedy_meteors": [
        0.27362241319892405,
        0.27999429621049426,
        0.2732453151757276,
        0.2768082990443365,
        0.2770572357621182,
        0.27454348932613964,
        0.27990976939798073,
        0.27380303750937157,
        0.2749309529545163,
        0.27813195908746247
    ],
    "val_greedy_ciders": [
        0.08189700727141297,
        0.08013641605647158,
        0.0919074347420351,
        0.08690373207132433,
        0.08697032543764258,
        0.1023585287860971,
        0.09018932345450066,
        0.10039978150663134,
        0.09716783621787962,
        0.1061754784649533
    ],
    "val_beam_bleus": [
        0.11438585833251246,
        0.11060569583610741,
        0.12137125025666742,
        0.11653546153872894,
        0.11670917868029679,
        0.1262716392959837,
        0.11597933786892703,
        0.11969969509520285,
        0.11908510482891016,
        0.1276355173168857
    ],
    "val_beam_meteors": [
        0.2753656643262395,
        0.2739709557233247,
        0.27592231346567786,
        0.2782334787468302,
        0.2765426123385886,
        0.27200897546366093,
        0.2781646209966268,
        0.27410426672106325,
        0.2755769884612977,
        0.27784309417367414
    ],
    "val_beam_ciders": [
        0.08427342952021347,
        0.08771271750705766,
        0.09819085214123756,
        0.10177610748896201,
        0.09431631763350119,
        0.11604432261045253,
        0.10402670676415225,
        0.11419567216396848,
        0.11370676746432523,
        0.12435361892555877
    ]
}