{
    "train_losses": [
        4.418056052151848,
        3.6063210363949048,
        3.3553354644775393,
        3.223584759095136,
        3.1250611164990594,
        3.022482373854693,
        2.964716039545396,
        2.9267669728223016,
        2.8767827280829934,
        2.8477768673616297,
        2.7862380762661205,
        2.7541059970855715,
        2.7280034149394314,
        2.693933250763837,
        2.6858985704534195,
        2.6490621650920194,
        2.610796111611759,
        2.6006492452060477,
        2.580048715367037,
        2.559932076510261,
        2.5302803869808423,
        2.509540635277243,
        2.4981303837720086,
        2.4944906066445744,
        2.473320305768181,
        2.456890763675465,
        2.4484539951997646,
        2.4231504103716683,
        2.413744607813218,
        2.4120569750841927,
        2.3951103642407587,
        2.378395714479334,
        2.368422709633322,
        2.3621994299047135,
        2.3480290323145248,
        2.336577351514031,
        2.32493883525624,
        2.3293321166319005,
        2.3168357888390037,
        2.31062559632694,
        2.298225845449111,
        2.275008080706877,
        2.2867509365081786,
        2.2747615242004393,
        2.2699479605169857,
        2.267336624930887,
        2.2528043730118696,
        2.2491540000017953,
        2.2527618225883037,
        2.2443553871266984
    ],
    "val_greedy_bleus": [
        0.17644166396079036,
        0.19005673897542863,
        0.18104210261805062,
        0.1804407544366426,
        0.20265547683099072,
        0.19785960840290212,
        0.19504669366035865,
        0.19735348038113856,
        0.19821875330740718,
        0.19497168845233148
    ],
    "val_greedy_meteors": [
        0.3660384238851988,
        0.3726501921359193,
        0.3801158528085164,
        0.3840611094646874,
        0.38343255247490554,
        0.38705062963426584,
        0.3862102390273825,
        0.3900773321920775,
        0.3895387680686677,
        0.3841972298217695
    ],
    "val_greedy_ciders": [
        0.3594863085744748,
        0.38640098932688866,
        0.3946856434260267,
        0.39831077320750846,
        0.42795024742685306,
        0.433253493246749,
        0.42238212235740735,
        0.42959257845852095,
        0.4315027816319428,
        0.427682577937196
    ],
    "val_beam_bleus": [
        0.19639503161885385,
        0.20636083258035,
        0.20023842079557772,
        0.20591493746840916,
        0.21987699030615987,
        0.22440915919527102,
        0.2149648388392334,
        0.21506590224271754,
        0.21832486264907847,
        0.2142868725850952
    ],
    "val_beam_meteors": [
        0.37076599342159383,
        0.37725437845115206,
        0.3837960856274481,
        0.38993869903024153,
        0.384881731180514,
        0.3907180572890396,
        0.3881068816339893,
        0.3885221968654349,
        0.3930216981533102,
        0.3862227422099633
    ],
    "val_beam_ciders": [
        0.3922326430917246,
        0.4191229525246592,
        0.4309991748798364,
        0.4445652320096012,
        0.45450900348144024,
        0.46517481856669296,
        0.45314921466775815,
        0.45805296877162033,
        0.4627221131182431,
        0.4555931170174922
    ]
}