{
    "train_losses": [
        4.479948240167954,
        3.6592074551301845,
        3.4250823671677533,
        3.27732149292441,
        3.1799825393452363,
        3.090508541219375,
        3.031176717421588,
        2.989626663993387,
        2.935159876206342,
        2.910738038455739,
        2.85998802802142,
        2.8240167494381176,
        2.802200303919175,
        2.7806038508695714,
        2.7571332269556383,
        2.7255912186117732,
        2.707915693170884,
        2.6883405674205108,
        2.6741434158998376,
        2.6659167940476363,
        2.6341520505792952,
        2.622996108672198,
        2.605931506998399,
        2.6011331474079804,
        2.587131146262674,
        2.56152016471414,
        2.5499922993603876,
        2.5424544171726002,
        2.5336337656133314,
        2.5232871554879583,
        2.504851117414587,
        2.4969492042765897,
        2.4856350337757784,
        2.4844695943944592,
        2.4849727479149313,
        2.462684029410867,
        2.462830534542308,
        2.4521620711158305,
        2.4501297204634724,
        2.446140723508947,
        2.4320747930863322,
        2.429302703633028,
        2.41943008591147,
        2.4100835884318634,
        2.409507428898531,
        2.4052779433306526,
        2.407052095637602,
        2.390267407473396,
        2.3926076496348663,
        2.3969819046469296
    ],
    "val_greedy_bleus": [
        0.1610815265418951,
        0.18433045350603847,
        0.18690764398008022,
        0.19124373427159572,
        0.18763863441942485,
        0.19501419036186884,
        0.19629358781297662,
        0.20156931984422063,
        0.198561409602542,
        0.19938163935896394
    ],
    "val_greedy_meteors": [
        0.36114498989665966,
        0.3679164593645302,
        0.376454191584994,
        0.3802167173117134,
        0.38309389837970814,
        0.3846209689616788,
        0.38262171884439955,
        0.3819908606566195,
        0.3815396204249656,
        0.3848051548573042
    ],
    "val_greedy_ciders": [
        0.3222624139352375,
        0.38080021757890564,
        0.3972479188916826,
        0.3936358571985419,
        0.3981936502558477,
        0.4101968263741253,
        0.4165287970654707,
        0.42595371033444024,
        0.4219966371782643,
        0.42699430062305493
    ],
    "val_beam_bleus": [
        0.18264915696798756,
        0.2065553431245887,
        0.20897403630398598,
        0.21611158748942585,
        0.21267698849602,
        0.2186515045657205,
        0.22022051040552762,
        0.22210578036227285,
        0.22213560399599613,
        0.22383250813997402
    ],
    "val_beam_meteors": [
        0.3657978701956655,
        0.37586761421350834,
        0.38335996296931113,
        0.38359887430068446,
        0.3867975967078748,
        0.38841865256228236,
        0.38581993191373126,
        0.384717363955987,
        0.3861166735751804,
        0.3916083735183928
    ],
    "val_beam_ciders": [
        0.35795910754145793,
        0.4190238758273634,
        0.43221265544180404,
        0.43520414423324155,
        0.4465407768623056,
        0.4505664282788852,
        0.45263108100568317,
        0.4541466013229194,
        0.45502620212084827,
        0.47228945979255976
    ]
}