{
    "train_losses": [
        3.2972017384754633,
        2.928410444045914,
        2.850599147989724,
        2.797099492465142,
        2.7659805204252925,
        2.6862529766799126,
        2.64836458666063,
        2.620449414946012,
        2.607404055330079,
        2.5942688157790594,
        2.5413692399191525,
        2.5208879639229047,
        2.5014857134826403,
        2.490997953429657,
        2.4767967381469984,
        2.4467094360952952,
        2.4273963206702445,
        2.417906487374991,
        2.417225571098799,
        2.4039629872836508,
        2.380128183173249,
        2.365032779378169,
        2.357310217720279,
        2.3537545812185248,
        2.3457457062081537,
        2.325627983445546,
        2.317766236743013,
        2.310413593118305,
        2.3034272967755705,
        2.2991340478199898,
        2.2821801904548633,
        2.273091354915495,
        2.2697975336123473,
        2.2624417138984065,
        2.25786273391022,
        2.246468643685213,
        2.241178856198165,
        2.2382855576562366,
        2.234005334388344,
        2.23160993776513,
        2.216494813492346,
        2.2136390316062586,
        2.2120599930032143,
        2.2087215917556327,
        2.206470699822516,
        2.1993066749580126,
        2.1965919228204434,
        2.192064819232758,
        2.185751947682276,
        2.191172168833395
    ],
    "val_greedy_bleus": [
        0.22767403568839195,
        0.24051241410739158,
        0.24079148322658528,
        0.25560925959686787,
        0.24898971385852342,
        0.25289670244771023,
        0.25647457752964825,
        0.2594506265559799,
        0.2621878571253671,
        0.2630018564414641
    ],
    "val_greedy_meteors": [
        0.40846821134885425,
        0.42118983348550915,
        0.4190595413886816,
        0.4381455254078004,
        0.4355795669251037,
        0.43917686624305435,
        0.44537182157028127,
        0.4440206315530038,
        0.44534621390332074,
        0.44716133231301863
    ],
    "val_greedy_ciders": [
        0.6938893435646223,
        0.7245175320774133,
        0.7291479142568105,
        0.7826471481088606,
        0.7785545239340629,
        0.7995037553992456,
        0.8121714640415094,
        0.8158018219064935,
        0.818068794471231,
        0.8205391791183888
    ],
    "val_beam_bleus": [
        0.25542992470358433,
        0.2661946546081796,
        0.272651277225278,
        0.27636937788213534,
        0.27851811937192616,
        0.28311036838980785,
        0.2848854578028264,
        0.2861949297100678,
        0.2891252321162689,
        0.2865570256264329
    ],
    "val_beam_meteors": [
        0.41637916475577974,
        0.4279395591026253,
        0.4318242680898107,
        0.4401128086303434,
        0.4429929891598458,
        0.4478214220720328,
        0.4523696484586991,
        0.44987113717411736,
        0.4515214561044435,
        0.4529749128589905
    ],
    "val_beam_ciders": [
        0.739791446091034,
        0.7694185083123486,
        0.7885896334061143,
        0.8101926440566036,
        0.8243114018536348,
        0.8462767741919137,
        0.8570872249747392,
        0.855111816365197,
        0.8572229750098095,
        0.8577595785592587
    ]
}