{
    "train_losses": [
        4.349829610375797,
        3.675555481630213,
        3.487953249987434,
        3.3726858268064612,
        3.2852668307809267,
        3.1942313216714298,
        3.1439580081490908,
        3.110820521747365,
        3.0716780180089613,
        3.03578205613529,
        2.991693796270034,
        2.9646148367489085,
        2.935050320344813,
        2.913894640978645,
        2.892770930458518,
        2.8578477741690245,
        2.833469498017255,
        2.828831273808199,
        2.8145112963283765,
        2.7962881811927347,
        2.770055303573608,
        2.752638624415678,
        2.7421271946850947,
        2.7330214466768155,
        2.729517791411456,
        2.692881077598123,
        2.6869447332270004,
        2.6772836230782904,
        2.6750867602404425,
        2.6643603745628806,
        2.643208808337941,
        2.6352208670447856,
        2.6298234675912298,
        2.6211428524466123,
        2.6199120818867403,
        2.593766593372121,
        2.5898553203133976,
        2.5831045358321245,
        2.577171417685116,
        2.568417549694286,
        2.5660567928763,
        2.55884111180025,
        2.5599434095270492,
        2.5457957828746123,
        2.541630569345811,
        2.527390202914967,
        2.5259109962687774,
        2.521823694004732,
        2.5257088515337776,
        2.5160059233272776
    ],
    "val_greedy_bleus": [
        0.1300002372328545,
        0.16515258451014828,
        0.1505177068178489,
        0.16745766395664557,
        0.1687684345687901,
        0.16208022845334155,
        0.1729468477948997,
        0.1715259435525849,
        0.17613305625821785,
        0.17255864516373565
    ],
    "val_greedy_meteors": [
        0.32156648119404907,
        0.3445156050292251,
        0.34367399256951353,
        0.35077901076509616,
        0.3427214300377381,
        0.35133615526151607,
        0.35092393984215753,
        0.35421565740510397,
        0.3556997424083489,
        0.3544845427271802
    ],
    "val_greedy_ciders": [
        0.23130987339611855,
        0.2786423578286343,
        0.2742055816363214,
        0.3007405025023592,
        0.3005348928311515,
        0.2963591079193533,
        0.3163880085264865,
        0.3137744924895662,
        0.31921044781673413,
        0.31727316896788516
    ],
    "val_beam_bleus": [
        0.14625511334693309,
        0.18095093710192814,
        0.16995345174849882,
        0.18558911871614847,
        0.1889990184321403,
        0.1858558494588573,
        0.1938609070513415,
        0.19054843093245719,
        0.1879304040619964,
        0.18885489020666058
    ],
    "val_beam_meteors": [
        0.3284771156227695,
        0.34464154630641997,
        0.3471192320133155,
        0.3503068642271065,
        0.34586026434617073,
        0.35493077029955894,
        0.3534360834271066,
        0.355114977506048,
        0.3531291354274544,
        0.35468665195872695
    ],
    "val_beam_ciders": [
        0.2559427719525614,
        0.3091623242673438,
        0.3121241020134543,
        0.3245323183217046,
        0.3322683049675011,
        0.33904076491543406,
        0.35061716956715355,
        0.3490774114048162,
        0.3409190832083228,
        0.3457079932055136
    ]
}