{
    "train_losses": [
        4.1952677552840285,
        3.5065448637569654,
        3.3060211860432345,
        3.1863103720721075,
        3.0985883813745834,
        2.9872767319398768,
        2.9375322145574234,
        2.8937529171214385,
        2.8525562157350426,
        2.8218585008733412,
        2.7588442247054155,
        2.719358668046839,
        2.7044459230759563,
        2.6785612914141486,
        2.6561216977063347,
        2.6009525405659395,
        2.589023068932926,
        2.566281467325547,
        2.5470624306622676,
        2.5380969591701734,
        2.497925835216747,
        2.481089064654182,
        2.472207975948558,
        2.4544514689725987,
        2.438331538929659,
        2.405770674873801,
        2.3921886870440314,
        2.3755624759898466,
        2.3681915109297806,
        2.358671876682955,
        2.3370105524624094,
        2.323066805671243,
        2.30734824517194,
        2.3044513449949378,
        2.2991954186383414,
        2.2787967182608213,
        2.2722367769129135,
        2.257030268276439,
        2.2472072977178237,
        2.244741630273707,
        2.2358471606759465,
        2.2176770544052125,
        2.2193980648938347,
        2.2085723442189833,
        2.2045890415416043,
        2.184586670819451,
        2.1811643855711993,
        2.17678391344407,
        2.1728039648953605,
        2.175182128233068
    ],
    "val_greedy_bleus": [
        0.14853194635357736,
        0.16717331103082814,
        0.17429625048203806,
        0.1695094949311875,
        0.18050268139693432,
        0.1726186653184897,
        0.18023858273725468,
        0.17035957607429694,
        0.17843175796688382,
        0.17892025506189826
    ],
    "val_greedy_meteors": [
        0.34838167159175126,
        0.35797159786286353,
        0.3595274909178208,
        0.36110922968877424,
        0.36704264376029594,
        0.37499511297126825,
        0.3680792685339584,
        0.368468516002539,
        0.3695077192422325,
        0.36910167687782375
    ],
    "val_greedy_ciders": [
        0.2965596131088015,
        0.32968917794350905,
        0.35229371774139506,
        0.36018420400843854,
        0.3675673678468545,
        0.37020740779931904,
        0.37866599884792196,
        0.3615317892572765,
        0.3799523971470434,
        0.3720929512180745
    ],
    "val_beam_bleus": [
        0.16444175629717667,
        0.18440717750387106,
        0.1975999180267897,
        0.193680834763593,
        0.19831189274676186,
        0.19569322641315634,
        0.1994840573649345,
        0.19248972962544936,
        0.2047763807245494,
        0.1974660573406252
    ],
    "val_beam_meteors": [
        0.3456732109963569,
        0.3582083807790231,
        0.36227449976822146,
        0.3681663751857674,
        0.3667558039130935,
        0.37395291139420084,
        0.36983242661344384,
        0.3715308127862075,
        0.37381579842594054,
        0.3687226792502645
    ],
    "val_beam_ciders": [
        0.3219612120868754,
        0.35757294300371395,
        0.3838978041099516,
        0.3919810730666446,
        0.3949406415487013,
        0.4051961097803739,
        0.4044488992553896,
        0.399568073369113,
        0.413921963326548,
        0.40207033033738454
    ]
}