{
    "train_losses": [
        4.6085175415719615,
        3.742433893848473,
        3.515933504686669,
        3.3773766425853604,
        3.2901803898699407,
        3.198030148313639,
        3.1472812773476186,
        3.1126743202478115,
        3.0708696416845904,
        3.039818776045607,
        2.986421367931814,
        2.964555518727907,
        2.950761576773415,
        2.9181094281550304,
        2.9013817187206286,
        2.877677348857754,
        2.8557910930382815,
        2.8446856630799915,
        2.821116644451876,
        2.8118304478730396,
        2.797774056313743,
        2.776911676209857,
        2.7695431776449713,
        2.7612222270786484,
        2.75407693979326,
        2.734584712086709,
        2.720362894971606,
        2.7147369877273486,
        2.706762881346152,
        2.704235573889504,
        2.68653554983542,
        2.6761619093272606,
        2.6704945922457557,
        2.660838052140715,
        2.6586571769535263,
        2.641518399189336,
        2.6372175709182666,
        2.638147731342226,
        2.636753153912898,
        2.6270370281917947,
        2.6264513803759653,
        2.6205694832152604,
        2.6117469391352692,
        2.5981854564147375,
        2.6054941645250635,
        2.6005754862592814,
        2.5922709294887776,
        2.5937540284904514,
        2.5902044705941645,
        2.577514890214087
    ],
    "val_greedy_bleus": [
        0.15528791799516967,
        0.16351435138445353,
        0.17647949433105692,
        0.17220071257642447,
        0.18332876213784113,
        0.18080081047864208,
        0.17388282601269026,
        0.186672397091765,
        0.18131780955165608,
        0.1783514540603459
    ],
    "val_greedy_meteors": [
        0.34732948514158385,
        0.3504245674219727,
        0.3556599993206314,
        0.36514698092335973,
        0.3664068697846357,
        0.3638172991566336,
        0.36405526603105887,
        0.3630067250988206,
        0.36380150956795326,
        0.36642891168584
    ],
    "val_greedy_ciders": [
        0.2898668922733721,
        0.3113957651784455,
        0.34322674497522954,
        0.3432790852317731,
        0.3654917165734932,
        0.3582471550888762,
        0.34933061741942223,
        0.3734204792752093,
        0.36819752866087313,
        0.36589762238373175
    ],
    "val_beam_bleus": [
        0.16856082934388936,
        0.17991094602258764,
        0.19472068097068554,
        0.19072658321276045,
        0.2007109128249949,
        0.20123468792389926,
        0.19820853229208749,
        0.2064839645272911,
        0.20245547998887495,
        0.19629012593994377
    ],
    "val_beam_meteors": [
        0.34647939286901885,
        0.3529004845663957,
        0.3555750639890317,
        0.36715859004330587,
        0.3660962748189859,
        0.36762459860784896,
        0.36976825999010954,
        0.36670519940612517,
        0.3676187222075985,
        0.3684732045528617
    ],
    "val_beam_ciders": [
        0.3107971131123095,
        0.34165465976983306,
        0.364068430371424,
        0.37962989679589465,
        0.39461936489956434,
        0.40270430158216686,
        0.39708693466999834,
        0.4066849221260903,
        0.40001949285444977,
        0.39595818938319993
    ]
}