{
    "train_losses": [
        4.350863779853372,
        3.631043893589693,
        3.4474326666663675,
        3.3270952129364013,
        3.26033862731036,
        3.1543607077879066,
        3.1148324814964745,
        3.0826471502640667,
        3.037118147681741,
        3.003484743903665,
        2.95887201757992,
        2.9286590205921845,
        2.9043928039775175,
        2.8972966474645276,
        2.8784677931841682,
        2.837633892508114,
        2.824623440574197,
        2.803625888263478,
        2.797576940760893,
        2.786868963802562,
        2.763175448810353,
        2.744220925499411,
        2.7387990749583526,
        2.727597027946921,
        2.7211015325434067,
        2.6914328182444853,
        2.688831225002513,
        2.6818636731540457,
        2.669478437760297,
        2.6578104978449204,
        2.6518795310749725,
        2.6409208813835594,
        2.633933099858901,
        2.6290723604314468,
        2.627325227961821,
        2.609771229239071,
        2.610089137694415,
        2.5969058474372413,
        2.5962203255821676,
        2.5855038412879496,
        2.5746203804016115,
        2.571076795353609,
        2.573179216384888,
        2.5678465826371135,
        2.5621317240771124,
        2.5598319019990807,
        2.548227596282959,
        2.5494141690871297,
        2.552212723563699,
        2.541250715816722
    ],
    "val_greedy_bleus": [
        0.17460345980991093,
        0.17658148905201154,
        0.18703282099573335,
        0.1640581474692186,
        0.17269663919791842,
        0.18279512226572897,
        0.17892028196192486,
        0.1805186970219892,
        0.18492642088197056,
        0.18039012353876027
    ],
    "val_greedy_meteors": [
        0.34034924130303035,
        0.347866966681051,
        0.36050982396567216,
        0.35528041102087243,
        0.36182078405637463,
        0.36155679894824855,
        0.36521281031603015,
        0.36846896969869186,
        0.36531591417684434,
        0.366843227170993
    ],
    "val_greedy_ciders": [
        0.31871755006154207,
        0.32686804521701424,
        0.35555041176641394,
        0.3232269329661841,
        0.34642663201308826,
        0.3608208022508151,
        0.35820626576150566,
        0.3638704652217933,
        0.3690005299519682,
        0.3598171049081572
    ],
    "val_beam_bleus": [
        0.1873424034663901,
        0.188916589350161,
        0.19752679799413633,
        0.18569911227436192,
        0.19881920081120444,
        0.2003872949474468,
        0.19738701745118192,
        0.1966451160448781,
        0.20292635095041353,
        0.19597017610159975
    ],
    "val_beam_meteors": [
        0.34315985833783313,
        0.34766270866716975,
        0.3582672490162705,
        0.36270040432657863,
        0.36709741397567,
        0.36382799179129655,
        0.3662931538196112,
        0.3648931083646028,
        0.36798978027248663,
        0.363709994210876
    ],
    "val_beam_ciders": [
        0.33148489327004493,
        0.345940502824203,
        0.3701666708572869,
        0.36838887564962436,
        0.3884444266324339,
        0.3831195555471914,
        0.3876616765701032,
        0.3830786335980589,
        0.3949055487352138,
        0.38474824821279063
    ]
}