{
    "train_losses": [
        4.51880602275624,
        3.74223723860348,
        3.5165312419218178,
        3.3830347807267134,
        3.2831524355271284,
        3.18932903065401,
        3.1465924234951244,
        3.090303442337934,
        3.0542295483981863,
        3.0264268488042494,
        2.969234155206119,
        2.9513995787676643,
        2.9166417015300077,
        2.8940700211244472,
        2.868628568649292,
        2.8428051937327665,
        2.8127206998712877,
        2.8079577855502857,
        2.7903038776622098,
        2.7756183893540327,
        2.743770997103523,
        2.7263571279189165,
        2.7151242289823645,
        2.7056759194766773,
        2.6990780948190127,
        2.6750398905137005,
        2.6626576294618496,
        2.6561239848417393,
        2.643554573620067,
        2.6475691441928637,
        2.6195325419482063,
        2.601224875169642,
        2.6057020899828744,
        2.6002144258162554,
        2.5938394518459544,
        2.5742816420162424,
        2.563325989106122,
        2.562038683049819,
        2.5566958971584546,
        2.553336020076976,
        2.5505548813763785,
        2.5335152990677776,
        2.5276532509747676,
        2.5304364647584805,
        2.5184988392100616,
        2.512619094848633,
        2.5141969035653506,
        2.505581074882956,
        2.4996459955327652,
        2.498810313168694
    ],
    "val_greedy_bleus": [
        0.14675004789252388,
        0.16153490257103842,
        0.16002650894991058,
        0.16925515483814554,
        0.16966686309840184,
        0.16948754049638703,
        0.17525239112211777,
        0.16914311327580353,
        0.1728403816926164,
        0.17143952710375032
    ],
    "val_greedy_meteors": [
        0.34150575084377066,
        0.34016601616089526,
        0.3484602254938668,
        0.35070511311035757,
        0.3531206404394872,
        0.35757515715259,
        0.353480851708736,
        0.3558249171802522,
        0.3574886565186993,
        0.356303058051191
    ],
    "val_greedy_ciders": [
        0.2586497075354964,
        0.2930433775554194,
        0.294243555055912,
        0.3132536097202979,
        0.312103487273701,
        0.3213638874420685,
        0.3261643625081064,
        0.3245859616310327,
        0.3323040135675974,
        0.3321375778088315
    ],
    "val_beam_bleus": [
        0.1617187581689487,
        0.17700723227479653,
        0.1812073734577591,
        0.1858039649783405,
        0.1887946052184955,
        0.18838232911127606,
        0.19100943245910357,
        0.1845655993452595,
        0.18851881868045833,
        0.18985529683008764
    ],
    "val_beam_meteors": [
        0.34526886476721846,
        0.3465650118984888,
        0.35908394717006925,
        0.3513024498819914,
        0.3548932523555065,
        0.3586662290010305,
        0.35463598838792987,
        0.3577379350517716,
        0.35842379983884126,
        0.3573419072745749
    ],
    "val_beam_ciders": [
        0.2906730971234837,
        0.31909277768142313,
        0.34128456482211,
        0.34176351100610775,
        0.3430818061305191,
        0.35350736914821745,
        0.35202951763372675,
        0.35559270986891445,
        0.3577424773200209,
        0.35707013321136194
    ]
}