{
    "train_losses": [
        4.845842049155436,
        3.869880160255611,
        3.5993617857006233,
        3.4498643729608385,
        3.3459696142886166,
        3.253506509351059,
        3.1922270109955693,
        3.146305243174235,
        3.102641037372356,
        3.0658539102670734,
        3.0123825062048826,
        2.9904073773415436,
        2.9613203856866686,
        2.9427976037414982,
        2.9209863445568534,
        2.8815415174188748,
        2.869160339865886,
        2.8561550574683245,
        2.8342497729359657,
        2.82600500438135,
        2.808290440151949,
        2.794334828014105,
        2.7787724962816553,
        2.777927680754326,
        2.7660402076345094,
        2.7416638544467693,
        2.733876147740324,
        2.7285680748487304,
        2.71952048265878,
        2.7110119727855557,
        2.689938935875333,
        2.692972499999642,
        2.6909673784820125,
        2.6862774667605547,
        2.6761207345505835,
        2.6652540679268992,
        2.6660470178989177,
        2.6592694269099706,
        2.653302681837843,
        2.6425555379178043,
        2.6405465614068118,
        2.6311768489264544,
        2.6294701838157546,
        2.62844193821222,
        2.625046235294969,
        2.6155718234783047,
        2.616941537095907,
        2.612551254845561,
        2.6159841588965045,
        2.600393254991988
    ],
    "val_greedy_bleus": [
        0.130562239706502,
        0.1675214206082015,
        0.1727393368141698,
        0.18540628267021697,
        0.1772326596736846,
        0.1845502181121241,
        0.16755727611435856,
        0.18302005832847756,
        0.1824253039512549,
        0.18665530315528547
    ],
    "val_greedy_meteors": [
        0.3409466601475253,
        0.35079643878536054,
        0.3503580958091124,
        0.3564393433004312,
        0.36613734233028017,
        0.3647362210537369,
        0.3633766372768146,
        0.3669508572978838,
        0.36696868571851576,
        0.3658174064653164
    ],
    "val_greedy_ciders": [
        0.27677297165610815,
        0.32470197414645796,
        0.3350644153030097,
        0.35421681382786796,
        0.35478600072715405,
        0.372509738501922,
        0.3527806740661247,
        0.37343195352264935,
        0.36793924005169565,
        0.37821042569854435
    ],
    "val_beam_bleus": [
        0.1598947507685386,
        0.19048052985062325,
        0.1891958638652885,
        0.19656033038812318,
        0.1960666520912084,
        0.2012003292105398,
        0.19458260535558708,
        0.20205164224946365,
        0.1971078269610875,
        0.202036750762996
    ],
    "val_beam_meteors": [
        0.3503668228485076,
        0.35329657849857354,
        0.36060354684575846,
        0.36001844542589584,
        0.3684072884088414,
        0.3678957868265878,
        0.36845514071013735,
        0.36860879130784796,
        0.3692738685594278,
        0.36915146106775637
    ],
    "val_beam_ciders": [
        0.3165913285491451,
        0.3595655905031585,
        0.3691614906036395,
        0.37945032380008425,
        0.3891866738046345,
        0.3955582950206566,
        0.3946710043264073,
        0.4011199800252841,
        0.3989678181120777,
        0.4006976069859419
    ]
}