{
    "train_losses": [
        4.966716795460159,
        4.031864269238683,
        3.7573191447996757,
        3.5913490902090297,
        3.4841397334712214,
        3.39712091902612,
        3.342442443113372,
        3.2934236694389667,
        3.2385135178274953,
        3.213304799487333,
        3.16609680484718,
        3.135200129988048,
        3.1106703874650696,
        3.084093943448134,
        3.0703362623850503,
        3.0411833832521395,
        3.0174369700078114,
        3.0142450847536186,
        2.9932871088735373,
        2.976754761637656,
        2.955245811614632,
        2.939601243381769,
        2.9217690268592653,
        2.9170514115705175,
        2.9117545611421827,
        2.8890232737635224,
        2.8838878606966403,
        2.867959348248764,
        2.857121484380373,
        2.8558022841601303,
        2.841087409588093,
        2.832803835891222,
        2.824572421015708,
        2.822399566990669,
        2.8150735617803297,
        2.807654622574927,
        2.7982334486195737,
        2.7994649510988046,
        2.7887430482067415,
        2.786789524723107,
        2.779880494578903,
        2.766891623886538,
        2.7683356614180012,
        2.768627878645776,
        2.7584368499791676,
        2.7511999483959215,
        2.7469277359510254,
        2.742321997181351,
        2.7435991002920086,
        2.737328218182488
    ],
    "val_greedy_bleus": [
        0.14151852230635717,
        0.16877519360475798,
        0.1653780228381363,
        0.18268694184358547,
        0.1672798859175012,
        0.16823534526735534,
        0.17387550417325148,
        0.1664931067808785,
        0.17234315886466484,
        0.17225991816945196
    ],
    "val_greedy_meteors": [
        0.32240225833998454,
        0.34014196289154963,
        0.34640563926291573,
        0.34806666366082406,
        0.346951588549219,
        0.3444285122655847,
        0.3479357537627965,
        0.34729649394633133,
        0.3471020138645545,
        0.3472379171455324
    ],
    "val_greedy_ciders": [
        0.2562177495955627,
        0.29101323804621804,
        0.30114764477390116,
        0.32133462112474975,
        0.304759717351015,
        0.3074931358302525,
        0.30973711580026,
        0.3000373810170059,
        0.31618324604840237,
        0.3108798266973798
    ],
    "val_beam_bleus": [
        0.17062025511913095,
        0.18118417436279782,
        0.18263873532330868,
        0.19057266898624628,
        0.1843180537075583,
        0.18700820182762373,
        0.18548294783331834,
        0.1846060441863912,
        0.1863408333968482,
        0.18602568811592293
    ],
    "val_beam_meteors": [
        0.3331086590398728,
        0.3480120029142669,
        0.3521027157843727,
        0.34821888981790894,
        0.35412845006028176,
        0.3482649380126366,
        0.35174344486452747,
        0.3526546151294634,
        0.3499296766083281,
        0.35194869559713504
    ],
    "val_beam_ciders": [
        0.2847543520542854,
        0.32153098881331865,
        0.33310470776378015,
        0.33469123987624166,
        0.34226599656080725,
        0.3418215323954715,
        0.34079859979192617,
        0.337751899661055,
        0.3417565457130134,
        0.3443440250433421
    ]
}