{
    "train_losses": [
        4.608084145714255,
        3.892839837915757,
        3.7010755247228286,
        3.5753709922117345,
        3.5001308009203744,
        3.4128888702392577,
        3.356206215690164,
        3.31669498499702,
        3.2764524151297176,
        3.2498816636029413,
        3.2038713718863097,
        3.1828886531381047,
        3.1550287796469294,
        3.1358989883871637,
        3.1230890835032743,
        3.0896488049451043,
        3.0716166905795825,
        3.06084763470818,
        3.045630484749289,
        3.031219617058249,
        3.0141920572168686,
        2.9883559333576875,
        2.9878851183723003,
        2.978855043860043,
        2.9648297848420984,
        2.9494204644595876,
        2.9363426556306726,
        2.9314215183258057,
        2.917394662744859,
        2.9154773381177117,
        2.9029118268630083,
        2.884383271161248,
        2.8898675941018497,
        2.880473924524644,
        2.8707567332772648,
        2.861609555412741,
        2.856251693613389,
        2.8488729039360496,
        2.8430066607980167,
        2.8367278390772204,
        2.8234831815607406,
        2.8277901800941017,
        2.8175580243503346,
        2.8156821475309486,
        2.809205362095552,
        2.8030095077963435,
        2.7996178946775547,
        2.794218890807208,
        2.792477134816787,
        2.7835802538254684
    ],
    "val_greedy_bleus": [
        0.09085025863042058,
        0.09685739271668486,
        0.08739427946585304,
        0.12040856769120985,
        0.10853921274951679,
        0.12003156417686425,
        0.11491195367692227,
        0.1116325026376093,
        0.11789771507935216,
        0.11760790969262776
    ],
    "val_greedy_meteors": [
        0.28046216992652734,
        0.2788726723431196,
        0.2720850925775845,
        0.28108184802792613,
        0.2837310846707545,
        0.27861184926739957,
        0.2827281267518137,
        0.27942683986623346,
        0.2856014193424528,
        0.28001580628499817
    ],
    "val_greedy_ciders": [
        0.08223788579628398,
        0.08003023975802573,
        0.07735222504673367,
        0.0993333173874646,
        0.08636564221444233,
        0.10209945214529936,
        0.10402791921290147,
        0.09636939689711545,
        0.10769404812970039,
        0.10775936090377909
    ],
    "val_beam_bleus": [
        0.09513810236144998,
        0.09522452368124174,
        0.09562272385378434,
        0.12347374211185379,
        0.11139821269358544,
        0.11952905246751531,
        0.1105658242542907,
        0.11704885880822775,
        0.12346059650621842,
        0.12230236592455286
    ],
    "val_beam_meteors": [
        0.2790838784416041,
        0.28129528342597626,
        0.2697930346498024,
        0.27894957383637214,
        0.2828475150122175,
        0.28208524071537966,
        0.2811429473012442,
        0.2780385987714081,
        0.2835890026501747,
        0.2831802875809951
    ],
    "val_beam_ciders": [
        0.08313400196200797,
        0.08497111812906227,
        0.08289023340608744,
        0.11070931549928366,
        0.10023631648973372,
        0.11764571815873208,
        0.11453063212131576,
        0.11233221490889292,
        0.12295677932490391,
        0.12075563408918846
    ]
}