{
    "train_losses": [
        4.278767476923325,
        3.558270274330588,
        3.3481984845329733,
        3.225739262524773,
        3.1505667181576,
        3.0471473233840043,
        2.9932110012278836,
        2.954294454911176,
        2.9132375784481273,
        2.885648851394653,
        2.824165312823127,
        2.7905832178452434,
        2.7822760380015654,
        2.7473675279056327,
        2.7349902096916647,
        2.691774938807768,
        2.6698007101171157,
        2.6586106025471405,
        2.635564391192268,
        2.6340816458533793,
        2.6054913537642537,
        2.5817184655806598,
        2.5643131357080797,
        2.551326842027552,
        2.544134833391975,
        2.528560875163359,
        2.506397694980397,
        2.5008968661813173,
        2.49721864195431,
        2.482103230532478,
        2.451999396155862,
        2.4523713100657742,
        2.447477267770206,
        2.434721913057215,
        2.4298468797347126,
        2.4153009874680462,
        2.39858494422015,
        2.3920117367015163,
        2.3942320402930766,
        2.3856704734353458,
        2.3682925796508787,
        2.3719159042134006,
        2.363145670049331,
        2.3531009040159336,
        2.3546707961138558,
        2.334225207497092,
        2.3351341404634365,
        2.3234678543315215,
        2.3248783100352566,
        2.3201348035475786
    ],
    "val_greedy_bleus": [
        0.15432688791058702,
        0.16250410242759614,
        0.17349124321098155,
        0.19686699978195688,
        0.18035518174215992,
        0.18683856607983246,
        0.1831209935048303,
        0.19599051666719217,
        0.187953845591018,
        0.1941712281059916
    ],
    "val_greedy_meteors": [
        0.34747451124111023,
        0.35961447749245423,
        0.36552017782127905,
        0.37235009650166573,
        0.3775929710851577,
        0.3767714621737821,
        0.3790943350317572,
        0.37805825128954695,
        0.3832848062113962,
        0.38137628327706397
    ],
    "val_greedy_ciders": [
        0.2894479320078541,
        0.33569715022552177,
        0.3470179040337759,
        0.3955982710183874,
        0.37270181631883537,
        0.38484116280150454,
        0.3834069267847797,
        0.40518682772591236,
        0.39903088279288124,
        0.4001749909217222
    ],
    "val_beam_bleus": [
        0.16918797508019404,
        0.1803414108725412,
        0.1973841359662224,
        0.21653676761471588,
        0.20400011228365386,
        0.20877740790657767,
        0.2046791131932933,
        0.21531950283185328,
        0.21468901475024085,
        0.21440765968485434
    ],
    "val_beam_meteors": [
        0.35396435859730346,
        0.36547743144230965,
        0.368983264318666,
        0.3769368617180279,
        0.38365607474623653,
        0.3836376568389706,
        0.38474955493030794,
        0.384502158492968,
        0.38330142567025743,
        0.38231126546205385
    ],
    "val_beam_ciders": [
        0.33140374189268273,
        0.3625826820358237,
        0.3909815002223849,
        0.42636658680109013,
        0.4219887606844163,
        0.4276989604112943,
        0.42997127121543494,
        0.4368118382187664,
        0.43900462547287045,
        0.4354582163381619
    ]
}