{
    "train_losses": [
        5.085996576318159,
        4.197285703650103,
        3.930753085534897,
        3.7440171723074758,
        3.6180780818204923,
        3.5121738821128163,
        3.448159931970874,
        3.3853496934326603,
        3.341713674751246,
        3.2866462262023783,
        3.2419009130325676,
        3.220057560244636,
        3.184806270778459,
        3.15457752277034,
        3.1311073930050846,
        3.0990094254274325,
        3.0868905038341112,
        3.0654118710280582,
        3.0453409018091193,
        3.0281298473967073,
        3.0056789839211766,
        2.9942582381163403,
        2.984208967764053,
        2.9777819315592446,
        2.960659144629895,
        2.948600739940231,
        2.9329290535528334,
        2.9196873449943435,
        2.9181543370367775,
        2.9112337161677546,
        2.8994296246291325,
        2.890288575714183,
        2.8849362610651292,
        2.885617471077073,
        2.871049595550752,
        2.8639858686868016,
        2.857832350081681,
        2.8512990463507566,
        2.8434234046040565,
        2.8405744167560703,
        2.8441962188398335,
        2.833434525789789,
        2.8279314041137695,
        2.816086706421185,
        2.825941175362314,
        2.8231925662134736,
        2.814946091790714,
        2.808801162970458,
        2.795800617603069,
        2.807926781300648
    ],
    "val_greedy_bleus": [
        0.14369385636887896,
        0.12924941451204328,
        0.1611971982535611,
        0.1539015250963755,
        0.16248879981095193,
        0.17172493608184686,
        0.1749572697595844,
        0.1680800364881995,
        0.17272398891656487,
        0.1797518717802559
    ],
    "val_greedy_meteors": [
        0.3014820573316389,
        0.32270442394411514,
        0.3421087956493206,
        0.3450061213722555,
        0.35369199670928114,
        0.3557894583510325,
        0.3544063001199198,
        0.3580377196556175,
        0.35672958248071074,
        0.3591396944447997
    ],
    "val_greedy_ciders": [
        0.1773324066945391,
        0.21455373687298435,
        0.27778164233164404,
        0.27312499226341086,
        0.30015613564699295,
        0.3120622638429473,
        0.3217994623294705,
        0.3213878902884912,
        0.3260792746069425,
        0.33247296126273695
    ],
    "val_beam_bleus": [
        0.1485275446593851,
        0.15689598284724815,
        0.17879518967453112,
        0.1760753162114836,
        0.18102345984918808,
        0.18521455327222217,
        0.18966759134239813,
        0.18441834058307055,
        0.19042067088498849,
        0.1958418908245274
    ],
    "val_beam_meteors": [
        0.3094937863930348,
        0.3344652822321138,
        0.35048918576086624,
        0.35304152853957815,
        0.35844199676867416,
        0.3592981258493381,
        0.3609246332386147,
        0.36251493106116645,
        0.36267324383920474,
        0.3633258402880033
    ],
    "val_beam_ciders": [
        0.1918167320113059,
        0.26082937333374473,
        0.3112786681549496,
        0.31483672832520193,
        0.33661066588471933,
        0.3422591904867606,
        0.34845301898479786,
        0.3586054007364094,
        0.36108944179810776,
        0.36376719280755376
    ]
}