{
    "train_losses": [
        4.566686988718369,
        3.7467613680222454,
        3.53335238905514,
        3.38796823164996,
        3.2865427073310403,
        3.19667309143964,
        3.1447051368040198,
        3.0950412262187283,
        3.0613769548079546,
        3.0212228606728946,
        2.9739302657632267,
        2.9502409856459675,
        2.9266274003421557,
        2.9010320545645323,
        2.8846836690341724,
        2.8574957640030805,
        2.8289576300452737,
        2.813922721077414,
        2.79954506930183,
        2.7863022540597355,
        2.761901767394122,
        2.7476818297891055,
        2.744501938539393,
        2.7306107291053325,
        2.7211196170133705,
        2.6967269824532902,
        2.701006457384895,
        2.678546419143677,
        2.6683363263747273,
        2.6713194723690257,
        2.6523215922187355,
        2.6472465178545783,
        2.6413451867945055,
        2.6304323684467987,
        2.6291597994636087,
        2.6134254287270937,
        2.607210194643806,
        2.6070927446028764,
        2.5955182832830093,
        2.585209624346565,
        2.5814912852118996,
        2.5793089092479033,
        2.5710979517768413,
        2.560633238063139,
        2.57058832729564,
        2.5603180027008055,
        2.557205883474911,
        2.560136222278371,
        2.5528243620255413,
        2.550100078582764
    ],
    "val_greedy_bleus": [
        0.17276108294028483,
        0.19104879666869415,
        0.18670971481617113,
        0.20113794608592608,
        0.20149031034220305,
        0.20640026994488633,
        0.20280811821165445,
        0.2062582822408608,
        0.20365075872426996,
        0.20782848403474863
    ],
    "val_greedy_meteors": [
        0.3630413004188763,
        0.37130344695560236,
        0.3746964742730812,
        0.37991844074316616,
        0.3805592230564264,
        0.3744784183589519,
        0.38105817665935166,
        0.38271715878929824,
        0.3840086066853749,
        0.3843858298925878
    ],
    "val_greedy_ciders": [
        0.3447962700608791,
        0.38931055321373254,
        0.3811948018721105,
        0.40992472645676625,
        0.41246674916224774,
        0.42161411171403157,
        0.42417830906508064,
        0.42806157190440647,
        0.42287742184341326,
        0.43391791415819
    ],
    "val_beam_bleus": [
        0.19712199206173103,
        0.20780992428019088,
        0.2089460329824954,
        0.22320566818483717,
        0.22328452738468405,
        0.22576636836147107,
        0.22810615387160016,
        0.22306863965166113,
        0.2259435741250128,
        0.2259564568782814
    ],
    "val_beam_meteors": [
        0.3630141360965733,
        0.3710179360836852,
        0.37739466704385455,
        0.3854783724554138,
        0.3816822613250337,
        0.3783067866868557,
        0.3824958355146531,
        0.38313043186886814,
        0.38504694591087496,
        0.3830921621416025
    ],
    "val_beam_ciders": [
        0.37737360811127235,
        0.4164292520282385,
        0.4190766974609535,
        0.4497885472881801,
        0.43758578621440203,
        0.44374123357780815,
        0.4572261212742198,
        0.4465538681153989,
        0.4515309815454552,
        0.4530026588981659
    ]
}