{
    "train_losses": [
        4.864519119262695,
        3.9251180154057175,
        3.652075787665139,
        3.4928869921276826,
        3.391387854383585,
        3.2928181254248106,
        3.2317817893946117,
        3.188567835400362,
        3.138684034347534,
        3.1014101829886997,
        3.063016354198187,
        3.024595012127514,
        3.001371228079281,
        2.968425047789381,
        2.951546885038206,
        2.920581552344309,
        2.900560120461692,
        2.8861891428629556,
        2.8701044125176374,
        2.8512035759401995,
        2.8293763550234514,
        2.814463627730177,
        2.799981391485868,
        2.7892986194628504,
        2.7759816557029042,
        2.7526057382144837,
        2.745281474691042,
        2.736581606484355,
        2.7315103291345872,
        2.7192228075484155,
        2.7026133402972152,
        2.6987533255921843,
        2.6888212922593238,
        2.677568944966849,
        2.671338477604826,
        2.664509929961442,
        2.6558519898445954,
        2.6510200825095738,
        2.6466167006694095,
        2.6365266987975216,
        2.632799074683391,
        2.625191540785239,
        2.6135725661622526,
        2.6155155119201945,
        2.6193161603990296,
        2.6035764150216547,
        2.6071952486262076,
        2.5956106163526367,
        2.5950810092155923,
        2.589140414072314
    ],
    "val_greedy_bleus": [
        0.14142224000664258,
        0.16868301392879412,
        0.17188450191174698,
        0.1599286159352969,
        0.17950608400911525,
        0.17736898669998022,
        0.17142602900912113,
        0.1721328488066339,
        0.17070453437350175,
        0.16539885919209363
    ],
    "val_greedy_meteors": [
        0.3285941956380912,
        0.3491966530354928,
        0.3437068528403527,
        0.3493906938957515,
        0.35076435201271644,
        0.3543728790559126,
        0.3504160980302889,
        0.3500770813148525,
        0.3520454224629306,
        0.3537352122858291
    ],
    "val_greedy_ciders": [
        0.2389529225099131,
        0.30084730565478485,
        0.3000874260667878,
        0.30117937237051795,
        0.32626753039778805,
        0.3296060931493361,
        0.31335700365012886,
        0.3176477365782916,
        0.31413414434350395,
        0.3141527578528765
    ],
    "val_beam_bleus": [
        0.15690068170342183,
        0.1817453781255252,
        0.18699878646361737,
        0.181797279305358,
        0.18769823818536743,
        0.18927179559030716,
        0.18714276933827298,
        0.19199932642612752,
        0.186726633424291,
        0.18143958912989186
    ],
    "val_beam_meteors": [
        0.33289131173870523,
        0.3479555321031355,
        0.34736838881593224,
        0.3525631478071651,
        0.3520146266622795,
        0.3524946163757883,
        0.3551496705779413,
        0.35263193908148815,
        0.3542448925566895,
        0.3548571408178449
    ],
    "val_beam_ciders": [
        0.2687099373449519,
        0.3168846029428361,
        0.32951347525139024,
        0.33841411443714153,
        0.34556765389113064,
        0.34956080769718006,
        0.3395782576969567,
        0.35343496498544585,
        0.3477702377344069,
        0.34573940010491105
    ]
}