{
    "train_losses": [
        5.419028282165527,
        4.33203125,
        4.053269624710083,
        3.9405603408813477,
        3.915081739425659,
        3.7717630863189697,
        3.6310460567474365,
        3.6092143058776855,
        3.547523021697998,
        3.428301453590393,
        3.407410740852356,
        3.2620769739151,
        3.304550528526306,
        3.3073476552963257,
        3.1503825187683105,
        3.14749813079834,
        3.1611608266830444,
        3.0400240421295166,
        3.0281150341033936,
        2.9866048097610474,
        2.9301795959472656,
        3.001943588256836,
        2.885716676712036,
        2.9203063249588013,
        2.8286356925964355,
        2.7985291481018066,
        2.781131625175476,
        2.7405728101730347,
        2.8482009172439575,
        2.798197031021118,
        2.741488456726074,
        2.7455153465270996,
        2.652080774307251,
        2.658610701560974,
        2.7155691385269165,
        2.755795478820801,
        2.67791485786438,
        2.6921008825302124,
        2.6786009073257446,
        2.7134335041046143,
        2.5827726125717163,
        2.599400758743286,
        2.562772750854492,
        2.629965901374817,
        2.560955762863159,
        2.5123679637908936,
        2.5877249240875244,
        2.5823904275894165,
        2.613107204437256,
        2.6047054529190063
    ],
    "val_greedy_bleus": [
        0.0,
        0.09022487411277057,
        0.10694470908158915,
        0.06649626484111289,
        0.0670190100022857,
        0.08716528250412825,
        0.06181446371904179,
        0.05481599407434557,
        0.07462949433187344,
        0.08402693810140215
    ],
    "val_greedy_meteors": [
        0.04426499107673344,
        0.2125363893231982,
        0.22993344701189117,
        0.2209292099517509,
        0.21814108384801079,
        0.2542437401063095,
        0.19928027134411158,
        0.21344133204195595,
        0.2168604555108238,
        0.25484206513748087
    ],
    "val_greedy_ciders": [
        0.0,
        0.03489109324646476,
        0.03754344961634832,
        0.03542317538365267,
        0.02849291855225047,
        0.08887398232331951,
        0.02091174623363724,
        0.04592015372663796,
        0.02695282060345312,
        0.07378046345831812
    ],
    "val_beam_bleus": [
        0.0,
        0.127791593624792,
        0.13035580460274176,
        0.12663260652873826,
        0.11083451481965226,
        0.1263992105720175,
        0.10335805267136643,
        0.12520863495522797,
        0.09251432574548223,
        0.09103981083840904
    ],
    "val_beam_meteors": [
        0.05766851446688733,
        0.22160976807139843,
        0.23213642031638998,
        0.23211766163707642,
        0.23105496930640174,
        0.1896953651878856,
        0.2075752408812955,
        0.2276133855825845,
        0.23966478297235816,
        0.21679512053492686
    ],
    "val_beam_ciders": [
        0.0,
        0.055345965706598,
        0.053087044626540625,
        0.04608560185649112,
        0.08065933875139389,
        0.052514177768009936,
        0.0413830502902254,
        0.0711906956181492,
        0.08333729924797316,
        0.06916509837776728
    ]
}