{
    "train_losses": [
        4.387987885676639,
        3.596106706090936,
        3.4165489057979674,
        3.311648641953446,
        3.283790111541748,
        3.259167514496566,
        3.218943429105159,
        3.2053686934457697,
        3.2787309051119666,
        3.275036658479574,
        3.183963485726728,
        3.1146638729202913,
        3.1095612754284496,
        3.0785631238015045,
        3.0511482903655147,
        2.9822975604187154,
        2.9776249357232465,
        2.9353443680794586,
        2.9102164210288177,
        2.8896360621206076,
        2.8616239050744285,
        2.8345720163533383,
        2.841313514351285,
        2.8360570327776697,
        2.815614512268926,
        2.785456248852009,
        2.7746315170341815,
        2.780966963566525,
        2.7419260152628726,
        2.728610445076311,
        2.7068747410751843,
        2.6827036562100264,
        2.6762235444476348,
        2.669009932889625,
        2.649351208422665,
        2.6312627120756766,
        2.6322447235035784,
        2.622142888010947,
        2.621084058788461,
        2.6086028528885103,
        2.5911523030957144,
        2.582771405367784,
        2.576252178407051,
        2.5784771789407506,
        2.5625793463747266,
        2.5435106452082246,
        2.5485153769103572,
        2.541719142260126,
        2.531145236861538,
        2.525512884480293
    ],
    "val_greedy_bleus": [
        0.14297628623869474,
        0.1579750914784149,
        0.16259813592773917,
        0.16098791903417917,
        0.17612104084842595,
        0.17403998258832523,
        0.18395044885952008,
        0.18271279192057796,
        0.17930066660158533,
        0.17812995658458272
    ],
    "val_greedy_meteors": [
        0.3360348733238004,
        0.35102546006423097,
        0.3510047587527445,
        0.3660371504870752,
        0.36772737082052187,
        0.36702573956020196,
        0.3682630680123212,
        0.3676807013886258,
        0.37069737187978685,
        0.36912667454229
    ],
    "val_greedy_ciders": [
        0.27196364409002605,
        0.3158489042155135,
        0.3320282527355464,
        0.34534647853693284,
        0.35492468686074746,
        0.3644789648630453,
        0.3838945287340426,
        0.37684497739268263,
        0.37809780207601856,
        0.3668710738032998
    ],
    "val_beam_bleus": [
        0.16543504845514254,
        0.17735785400742424,
        0.19268895809231765,
        0.18561455323303794,
        0.19918190673279895,
        0.19935035395170986,
        0.20361274372357677,
        0.20041644716992232,
        0.19851077814437795,
        0.2005256345969429
    ],
    "val_beam_meteors": [
        0.33681315728453726,
        0.35693366064252086,
        0.3604890425902099,
        0.3685921983095448,
        0.37137648289048614,
        0.3707604320359747,
        0.37093632007957356,
        0.36939121115619933,
        0.37178467367023077,
        0.36972912481694176
    ],
    "val_beam_ciders": [
        0.29808331826704587,
        0.34661544416406825,
        0.36732891217462216,
        0.38352070169845676,
        0.39286375833880827,
        0.39839401972337524,
        0.4037177018003877,
        0.3959006177874759,
        0.4048700804296114,
        0.39436487889653704
    ]
}