{
    "train_losses": [
        4.573623303245095,
        3.844559680153342,
        3.5855681610107424,
        3.4159745244418875,
        3.3044112716001623,
        3.2086398034937242,
        3.150967461081112,
        3.0970145354551426,
        3.0483702597898596,
        3.0101938242070814,
        2.9657914840473847,
        2.9312617616092456,
        2.9001582779603847,
        2.8777731598124783,
        2.849917184044333,
        2.830812073875876,
        2.8053881863986745,
        2.7867906862146716,
        2.773714738733628,
        2.7610779201283173,
        2.738072825039134,
        2.7212671453812542,
        2.7052215890323414,
        2.6955370403738583,
        2.6945463259079876,
        2.672526906518375,
        2.6666956278857064,
        2.651288518344655,
        2.6481328201293945,
        2.640594166026396,
        2.6289352725533877,
        2.616821289623485,
        2.6034394297880286,
        2.6002422119589412,
        2.5967102398591884,
        2.585296283609727,
        2.5832085867489085,
        2.574854491177727,
        2.570768013561473,
        2.565898655162138,
        2.5601656089109532,
        2.547046021293191,
        2.554541535657995,
        2.5465063987058754,
        2.545166696099674,
        2.536506436291863,
        2.534340092715095,
        2.5318077861561497,
        2.52846596549539,
        2.519613328260534
    ],
    "val_greedy_bleus": [
        0.13739419981893253,
        0.15443144595516187,
        0.16975579320738488,
        0.1637348534264186,
        0.17044139073440057,
        0.16960205835568865,
        0.17015636815814436,
        0.16814573554320073,
        0.17409773475472887,
        0.17135596374949136
    ],
    "val_greedy_meteors": [
        0.3265043947665792,
        0.34716447051325366,
        0.35191325986832944,
        0.3518546008334719,
        0.35937629130965626,
        0.3573828632328832,
        0.35984051765998876,
        0.3570757236120907,
        0.35925928649145583,
        0.3614023488165467
    ],
    "val_greedy_ciders": [
        0.22185710146632634,
        0.2763201843511959,
        0.30619597239412905,
        0.3078160063025238,
        0.3270025755844875,
        0.31900017219530785,
        0.3299637736314584,
        0.31919736248432307,
        0.33602195262670237,
        0.33829813066068265
    ],
    "val_beam_bleus": [
        0.15567977949970477,
        0.1754179074984462,
        0.18115311078348753,
        0.18594371576997326,
        0.18604571695068514,
        0.1870149679614453,
        0.18483291022018916,
        0.18752844335182028,
        0.19030788156546571,
        0.18801076203465572
    ],
    "val_beam_meteors": [
        0.3349955259887801,
        0.3532591172519112,
        0.35173400798283344,
        0.3599523711996075,
        0.36030753814770455,
        0.3623092793396458,
        0.36084419772409376,
        0.3628680733756065,
        0.3631872656618329,
        0.36173458514990203
    ],
    "val_beam_ciders": [
        0.25430525847051,
        0.3160798211120168,
        0.328716280710687,
        0.3543410562799061,
        0.3539253732246904,
        0.35802734808405573,
        0.3571522832740853,
        0.3649847336825723,
        0.3753337904390996,
        0.37418894181746826
    ]
}