{
    "train_losses": [
        5.412327527999878,
        4.358214616775513,
        4.030971527099609,
        3.888426184654236,
        3.881256103515625,
        3.7171398401260376,
        3.627377510070801,
        3.5527141094207764,
        3.4490883350372314,
        3.3966745138168335,
        3.3169376850128174,
        3.270490884780884,
        3.277997374534607,
        3.1228644847869873,
        3.1342477798461914,
        3.125539183616638,
        3.0041162967681885,
        3.0434542894363403,
        2.945438027381897,
        2.98019278049469,
        2.891379952430725,
        2.8398088216781616,
        2.7498321533203125,
        2.7779937982559204,
        2.7030599117279053,
        2.7763712406158447,
        2.7148783206939697,
        2.701726198196411,
        2.690011143684387,
        2.646528124809265,
        2.680838704109192,
        2.6436336040496826,
        2.590246558189392,
        2.6363933086395264,
        2.5970898866653442,
        2.531604290008545,
        2.4557944536209106,
        2.5816426277160645,
        2.558680772781372,
        2.5347297191619873,
        2.4646852016448975,
        2.5195544958114624,
        2.460652232170105,
        2.4782568216323853,
        2.527060389518738,
        2.3809412717819214,
        2.4265856742858887,
        2.4611674547195435,
        2.428606390953064,
        2.434710383415222
    ],
    "val_greedy_bleus": [
        0.0,
        0.05434166190258831,
        0.08589845850526691,
        0.04894737368672578,
        0.07467845373197819,
        0.036621574453622754,
        0.08106020987609769,
        0.11024679606724078,
        0.07323944484154413,
        0.06788888555909312
    ],
    "val_greedy_meteors": [
        0.06341534187844458,
        0.17482163973944434,
        0.19521757220224786,
        0.18803950558231441,
        0.19883377589479534,
        0.16314282822292908,
        0.19579365134417595,
        0.23177105922010857,
        0.20085518501704339,
        0.22122023903846133
    ],
    "val_greedy_ciders": [
        0.0,
        0.01082237635869575,
        0.025967100715656073,
        0.011462118155454658,
        0.022549153387455233,
        0.02336517900783714,
        0.05567731815963187,
        0.06558398821287907,
        0.02187472991030082,
        0.06794208732357675
    ],
    "val_beam_bleus": [
        0.0,
        0.09500130121185317,
        0.09228060163408401,
        0.0,
        0.10749457107013956,
        0.08620564525552839,
        0.05625271215958459,
        0.057657498529409205,
        0.0,
        0.0
    ],
    "val_beam_meteors": [
        0.06898840082854853,
        0.2000420551510211,
        0.20099245088647358,
        0.18068905023619625,
        0.21220516976267323,
        0.20846195937531548,
        0.2166381114156763,
        0.19734892221230074,
        0.2174045358449247,
        0.23825109342686357
    ],
    "val_beam_ciders": [
        0.0,
        0.027806263401796098,
        0.02182145254494851,
        0.024907580110282882,
        0.05196092658774503,
        0.04896457443691735,
        0.07105246230272284,
        0.042136163349588286,
        0.07032607714020263,
        0.0880334484811156
    ]
}