{
    "train_losses": [
        4.232968236359072,
        3.5322177063131557,
        3.324698012759428,
        3.2094338242436797,
        3.1363198857911874,
        3.019075642169361,
        2.960066146134211,
        2.914840164318891,
        2.8837987962463094,
        2.8464209563295606,
        2.7853200625925556,
        2.7501841957020647,
        2.72023078085671,
        2.6954015319895857,
        2.671093632917449,
        2.6262270206576783,
        2.599478566030941,
        2.576513189665029,
        2.5521155097674875,
        2.54334196126517,
        2.5026616568856395,
        2.4792055960552233,
        2.46750073141895,
        2.4483950675373345,
        2.4337836520772584,
        2.404192005524613,
        2.3807259344718825,
        2.378202672295727,
        2.3610227701249817,
        2.3558836386237347,
        2.322189981388934,
        2.3072736464755637,
        2.2947162686379303,
        2.293709508689916,
        2.2787606055747736,
        2.2578025513411686,
        2.2482726159789754,
        2.237375704895163,
        2.2294318485707745,
        2.2204466907071394,
        2.208451149049499,
        2.195122824028624,
        2.1934351103966225,
        2.182361814337717,
        2.173212849478207,
        2.1661933531783557,
        2.159742555148165,
        2.152806345845612,
        2.1445159419601514,
        2.135992571781499
    ],
    "val_greedy_bleus": [
        0.1649919397565325,
        0.1829712537515987,
        0.18731796057953412,
        0.19358508265818494,
        0.1988555192221354,
        0.19952309267203705,
        0.1896049088698549,
        0.2002998750734879,
        0.19391797510521025,
        0.19308374314753304
    ],
    "val_greedy_meteors": [
        0.3516938739453487,
        0.3630322190808258,
        0.3733149601162799,
        0.3793285604675656,
        0.3749610402831423,
        0.38052039409168065,
        0.3753728786684869,
        0.3795614578230556,
        0.37945778369729294,
        0.37834254548124724
    ],
    "val_greedy_ciders": [
        0.3262967577534504,
        0.36130280155273425,
        0.3788769538075026,
        0.40204413999960953,
        0.40552208629027703,
        0.42403270644625785,
        0.40372196621118694,
        0.4145860632438205,
        0.41088965839255837,
        0.40857806881936054
    ],
    "val_beam_bleus": [
        0.18567316540303322,
        0.2021228167755046,
        0.2096374803324138,
        0.21135282984072076,
        0.2174133572052201,
        0.22102124945843382,
        0.2097385492420512,
        0.22014302525034704,
        0.21426662757372977,
        0.21936434492899964
    ],
    "val_beam_meteors": [
        0.3569062382129487,
        0.3664734426746728,
        0.37455349186314646,
        0.37632821286941814,
        0.3779507273547839,
        0.3839396487915539,
        0.37533813819151757,
        0.37753830846513287,
        0.3800031005642237,
        0.38083820828118636
    ],
    "val_beam_ciders": [
        0.357016581439297,
        0.3822094503396356,
        0.4175243187308066,
        0.41976110240488973,
        0.43384089131552944,
        0.4538823322420499,
        0.42848330723627726,
        0.4370537334476852,
        0.43772040876501533,
        0.4437510668043678
    ]
}