{
    "train_losses": [
        4.462304771226337,
        3.6043768018624034,
        3.380064776245977,
        3.232191222374428,
        3.147553156239326,
        3.0513023568990643,
        2.9886949465308392,
        2.944147700994787,
        2.9120197027501926,
        2.872455442455453,
        2.824896685953991,
        2.7853623813306783,
        2.7652022547565154,
        2.740533944026965,
        2.7266762424522724,
        2.6810062647985182,
        2.6528589367306847,
        2.6450025307740406,
        2.6302516370871816,
        2.6104728246518705,
        2.585345663375138,
        2.5621473106420094,
        2.5484934077016623,
        2.5441037780242346,
        2.5337918420352845,
        2.5043998279481987,
        2.491445267144503,
        2.4845318973344255,
        2.4689536352112817,
        2.470374736427701,
        2.4389656720586785,
        2.4427293186456387,
        2.4311694248181555,
        2.4222264077182105,
        2.408743050176773,
        2.3955222474577282,
        2.3913817741501497,
        2.38457406182804,
        2.3835821543501017,
        2.3734992210853827,
        2.3558426541341864,
        2.348590049385465,
        2.352202558741323,
        2.336916688462378,
        2.3415659100796695,
        2.3334892579647297,
        2.3317195843083196,
        2.318610105156339,
        2.3202061350916474,
        2.3140859335241184
    ],
    "val_greedy_bleus": [
        0.1750791738565528,
        0.20272819393338865,
        0.18175654354886517,
        0.19715402255536413,
        0.19885787608375233,
        0.20493024199225518,
        0.19892698403752448,
        0.19194149666658364,
        0.19904269184771708,
        0.20224091444889067
    ],
    "val_greedy_meteors": [
        0.35566755018782964,
        0.37301224062050986,
        0.3737984702932615,
        0.3738896618405419,
        0.3801340679319357,
        0.3859543587194771,
        0.3842744482234262,
        0.3821815060587801,
        0.38463314018763517,
        0.3840700006664493
    ],
    "val_greedy_ciders": [
        0.33661783263151746,
        0.3906100310397754,
        0.384918107327498,
        0.4149906974118568,
        0.41205144663197035,
        0.43290705030720894,
        0.42206941014759564,
        0.4077064100625339,
        0.42546874529466716,
        0.42996889290635537
    ],
    "val_beam_bleus": [
        0.19280745372625405,
        0.21821001585997996,
        0.20568471314068928,
        0.21802012336211743,
        0.2248273678215469,
        0.22198701854913355,
        0.22263649430566196,
        0.21408996436152763,
        0.2194274402866912,
        0.22455129459028372
    ],
    "val_beam_meteors": [
        0.3650494445231978,
        0.37448862892435864,
        0.383651986708023,
        0.3788052461767361,
        0.3853997982227569,
        0.38888789777070953,
        0.38540734281239003,
        0.3860043831386292,
        0.3874667133731577,
        0.3876596394741306
    ],
    "val_beam_ciders": [
        0.3720773771510756,
        0.4131759504146772,
        0.4318397265231088,
        0.446068500932113,
        0.45629959210599275,
        0.46096562162348714,
        0.4459499610326885,
        0.44720566532064293,
        0.4598286289211875,
        0.46232916232873544
    ]
}