{
    "train_losses": [
        4.151560100667617,
        3.5617573883954217,
        3.390115118587718,
        3.29911987360786,
        3.210045518314137,
        3.112273952820722,
        3.063392527524163,
        3.022188152986414,
        2.9878969383239746,
        2.9608334215949563,
        2.8977183386858774,
        2.87559076757992,
        2.843553125157076,
        2.8276047128789563,
        2.815123229868272,
        2.7724105554468492,
        2.747835605845732,
        2.733257459191715,
        2.7154391451442943,
        2.7041903546277215,
        2.662676642922794,
        2.651161828882554,
        2.6380084262174717,
        2.6265484843534583,
        2.614742265589097,
        2.5860315911910114,
        2.57065603648915,
        2.5576734015520883,
        2.5593498134613037,
        2.5473596370921414,
        2.5212325836630427,
        2.5173205953485827,
        2.5093964952581067,
        2.492479263193467,
        2.4872899414511287,
        2.474983917685116,
        2.464484489104327,
        2.4568989383473117,
        2.4458161920659682,
        2.4448398623746983,
        2.4283452454735253,
        2.416256301543292,
        2.4178135512856875,
        2.408382833144244,
        2.413358929017011,
        2.386447765686933,
        2.3892338096394257,
        2.37761659005109,
        2.3769918138840618,
        2.3747647027408374
    ],
    "val_greedy_bleus": [
        0.15369148874710495,
        0.1800342437989316,
        0.177646401629648,
        0.18541867590675395,
        0.18498972290234222,
        0.1856904626997479,
        0.1868068188982192,
        0.18426243277612783,
        0.19450984311505096,
        0.18660450752233806
    ],
    "val_greedy_meteors": [
        0.3450959116284008,
        0.34938554393732585,
        0.3558436371163236,
        0.36400263510117403,
        0.3600574019818482,
        0.36086739158858794,
        0.3674093958592633,
        0.36826849944275714,
        0.364349738914482,
        0.370981497985975
    ],
    "val_greedy_ciders": [
        0.29528433172850443,
        0.3290159880010598,
        0.3429638883744587,
        0.3589386812604754,
        0.3625448670320129,
        0.3643989403328844,
        0.37631052575764123,
        0.37443825722280566,
        0.3872748335764911,
        0.3816158160591013
    ],
    "val_beam_bleus": [
        0.16789261812623832,
        0.18967921499889026,
        0.19708925791809814,
        0.20765241083425315,
        0.20062252468075656,
        0.1999810919657383,
        0.20598877593352669,
        0.2012515823754682,
        0.21245831923659442,
        0.2083038109571454
    ],
    "val_beam_meteors": [
        0.3478765678355218,
        0.34680302324258777,
        0.36108521942789606,
        0.36626368891206795,
        0.35786049686294363,
        0.35684117022131384,
        0.3665246411995398,
        0.3658111368983789,
        0.36235294827542597,
        0.3699653108879422
    ],
    "val_beam_ciders": [
        0.31841701745000517,
        0.34350477235293986,
        0.3761176850124112,
        0.3898487397197223,
        0.38123089797824306,
        0.3814825365793707,
        0.3983870933516812,
        0.39607371080695214,
        0.40243813810247225,
        0.4045728498210927
    ]
}