{
    "train_losses": [
        3.701868007687918,
        2.913778392756372,
        2.721564924882774,
        2.6276730269516086,
        2.5554230975957335,
        2.4908298226375667,
        2.45590186524428,
        2.422806630547301,
        2.392188171330707,
        2.3725729008914884,
        2.3402921184321643,
        2.328395623512209,
        2.306786037302091,
        2.2944130375175242,
        2.280274492327176,
        2.2643610814807955,
        2.249987855668783,
        2.237312558261099,
        2.2331755031389653,
        2.217982472371097,
        2.2028565453782885,
        2.1982362924440197,
        2.192171408735803,
        2.182703464716627,
        2.179324934895293,
        2.168385466983919,
        2.160537524422317,
        2.1539697243588787,
        2.149510003776049,
        2.144246028048178,
        2.1356938075982437,
        2.1330208846553584,
        2.1287242268115696,
        2.1218645916287278,
        2.1190876989313034,
        2.1125837991005487,
        2.107428252973365,
        2.104486809263274,
        2.1036413654661987,
        2.0978905114545334,
        2.095797881368876,
        2.0929954352297777,
        2.085818529036904,
        2.0865683473612093,
        2.083260713165289,
        2.079477715344849,
        2.075969017731167,
        2.0768624280667196,
        2.0748288710666403,
        2.0702206941992274
    ],
    "val_greedy_bleus": [
        0.23658450958457072,
        0.2426296314408384,
        0.24734936699897844,
        0.2458473414267954,
        0.2460123771874032,
        0.2529572932391658,
        0.2531015482245972,
        0.2556048622821849,
        0.2585363820229997,
        0.25676493911891374
    ],
    "val_greedy_meteors": [
        0.4210695072439518,
        0.4313733499226597,
        0.4375805447287877,
        0.4359504815238006,
        0.4380376573954941,
        0.4425428197629748,
        0.4427918132918173,
        0.4433974543934892,
        0.4439300090701486,
        0.44420164258885586
    ],
    "val_greedy_ciders": [
        0.7295890888309569,
        0.7569244774506982,
        0.7834757239769339,
        0.7835400877435442,
        0.7866975973269359,
        0.8049012392605525,
        0.8057243160068017,
        0.8130716132478342,
        0.817109878842116,
        0.8156128084762951
    ],
    "val_beam_bleus": [
        0.26189261226197763,
        0.2667229046447891,
        0.2710361584072756,
        0.27265940617536133,
        0.2732616921808291,
        0.27773805553381814,
        0.2770153238394001,
        0.2787541646819578,
        0.2805611486013767,
        0.27932311414089506
    ],
    "val_beam_meteors": [
        0.430895145596471,
        0.439495217663466,
        0.4452322709656409,
        0.44351564385167974,
        0.4463128990396905,
        0.4490168942745237,
        0.45045802293425646,
        0.4505963078140495,
        0.4514584038415543,
        0.4512865357851655
    ],
    "val_beam_ciders": [
        0.7768415724048203,
        0.7991244650968194,
        0.8153058577343792,
        0.8220777862058337,
        0.8312114803347396,
        0.8404599337648442,
        0.8430342781092632,
        0.846051851757519,
        0.8475317322102806,
        0.8510474879648979
    ]
}