{
    "train_losses": [
        4.525853896924588,
        3.636426564113635,
        3.3996304693356367,
        3.2626929842810117,
        3.1717101755276533,
        3.072101652342389,
        3.016999173052434,
        2.978035097390833,
        2.938299124229682,
        2.8976929993696614,
        2.8377487010239437,
        2.8137197886274454,
        2.781977917666726,
        2.7727118310794023,
        2.7491324742635093,
        2.709351849667903,
        2.6828701719991477,
        2.672955379799498,
        2.65628719329834,
        2.6386186091552877,
        2.618314976983227,
        2.597308570790179,
        2.581651204068896,
        2.5719778078822464,
        2.5601918607810292,
        2.5401655922473316,
        2.527970010685809,
        2.5112702577886448,
        2.505190157554519,
        2.50307821108142,
        2.4799559340230735,
        2.4685035110079627,
        2.460934993806579,
        2.4559268503681593,
        2.449961888398363,
        2.4360813691582477,
        2.426984206051894,
        2.4142280442054282,
        2.4140678224429277,
        2.4060117381279458,
        2.3990140744777912,
        2.381851333967397,
        2.3799516830086147,
        2.382912725350107,
        2.374692413168894,
        2.3623919822800326,
        2.3531503699754883,
        2.3524848340262827,
        2.3484566737788386,
        2.3518299955717277
    ],
    "val_greedy_bleus": [
        0.17688249349183574,
        0.17172883647233764,
        0.157329854078301,
        0.16188639740620028,
        0.174822175353624,
        0.17351809196232088,
        0.17393986606125014,
        0.17631268417560683,
        0.17452185130703163,
        0.17754535664971977
    ],
    "val_greedy_meteors": [
        0.33844999296922185,
        0.3520709294008895,
        0.3620428654032166,
        0.3599993732251728,
        0.36559866852274847,
        0.36571945160863806,
        0.3710962236833398,
        0.36923420503820426,
        0.37223657899002627,
        0.3710730353890149
    ],
    "val_greedy_ciders": [
        0.31618997973145224,
        0.3347869375536717,
        0.3221960475889993,
        0.32910059344216464,
        0.3494844002189282,
        0.36569691121314896,
        0.35708978088411797,
        0.36772729598596715,
        0.37605827838710715,
        0.37161886508843334
    ],
    "val_beam_bleus": [
        0.18828779413420457,
        0.18413551777052484,
        0.178152811915818,
        0.18041658794633839,
        0.19181157775988433,
        0.1956284644483994,
        0.19653892561779865,
        0.1963482137563862,
        0.19678140487589807,
        0.1991578858879852
    ],
    "val_beam_meteors": [
        0.33615281987508816,
        0.3541262544332491,
        0.36575270612516625,
        0.3652434564295633,
        0.3676299412146472,
        0.36736486696943677,
        0.3715282796218987,
        0.36967262552482916,
        0.3747733501861867,
        0.3717367443958329
    ],
    "val_beam_ciders": [
        0.3327749113743803,
        0.34710036530579386,
        0.358241180063005,
        0.36277277031737915,
        0.3879351539794059,
        0.40009415518408037,
        0.3998810939110524,
        0.3981435443081694,
        0.40726084151200603,
        0.4064493260096367
    ]
}