{
    "train_losses": [
        4.766797531378661,
        3.9264993846696306,
        3.665160378380001,
        3.499925652580082,
        3.374095246265752,
        3.2766895719537152,
        3.2117912276809766,
        3.1579232585262247,
        3.1053361825540033,
        3.0586195730827224,
        3.0111663487035902,
        2.9756060866682743,
        2.9587783645576153,
        2.924274500546881,
        2.9027716699340536,
        2.876367273465009,
        2.85408350111733,
        2.829959271659314,
        2.811254625589075,
        2.7985563916219793,
        2.781128131167989,
        2.761023567316118,
        2.7594794510675706,
        2.7378239463752423,
        2.7251776070661946,
        2.713994237738596,
        2.693936861736674,
        2.6836674235796143,
        2.6830581006869463,
        2.673942012965959,
        2.65846156402373,
        2.6521659468261287,
        2.648666841883055,
        2.637007171559222,
        2.628571290925075,
        2.6176102665108694,
        2.6244515958526327,
        2.6158914700360367,
        2.608768920943211,
        2.5944302104448487,
        2.5992807782311953,
        2.592365310785356,
        2.5866176589553906,
        2.579174647308851,
        2.5743367526452867,
        2.5610608181483308,
        2.5673448826785377,
        2.5624154128938774,
        2.5556392266716754,
        2.563061286585991
    ],
    "val_greedy_bleus": [
        0.12405252090726081,
        0.1536889321849656,
        0.15620460883977397,
        0.17235802727125363,
        0.17453616585006576,
        0.16552013950070793,
        0.17785580906019693,
        0.17326060402674587,
        0.17076092912446136,
        0.17606568795296249
    ],
    "val_greedy_meteors": [
        0.3169662171503461,
        0.3472149954113505,
        0.346796745773683,
        0.35312580673780924,
        0.3567647118934328,
        0.35862577481405855,
        0.3586145384547555,
        0.3635812145055791,
        0.3621856396139786,
        0.36248059137259114
    ],
    "val_greedy_ciders": [
        0.19790479842993888,
        0.2844976515867352,
        0.27391314157385005,
        0.3162419049470487,
        0.3289419519079164,
        0.32552833799966907,
        0.34239292395915216,
        0.336346483679057,
        0.3395616422704164,
        0.3487997495629197
    ],
    "val_beam_bleus": [
        0.1558443292963327,
        0.16873323804613688,
        0.17629991263844,
        0.1861326430823049,
        0.18739847083190705,
        0.18452890191517388,
        0.19217208341254027,
        0.18616564225139845,
        0.1872605095284385,
        0.18884989982738964
    ],
    "val_beam_meteors": [
        0.32843179706546866,
        0.3520283898938614,
        0.3534621319262559,
        0.356322471955639,
        0.3600237182001666,
        0.3617247339045177,
        0.361558552055243,
        0.3627712060245435,
        0.3637095864776796,
        0.36342699626868025
    ],
    "val_beam_ciders": [
        0.24673984962168538,
        0.3159579322968656,
        0.31823374964486384,
        0.33966824194014167,
        0.3549756072917399,
        0.3544028306368535,
        0.3674951637422461,
        0.3605232516831774,
        0.3715889951115806,
        0.36696820443701855
    ]
}