{
    "train_losses": [
        3.8162986804749903,
        2.9593139792888943,
        2.7463629404212444,
        2.644918841593417,
        2.5725914801843754,
        2.509745971865411,
        2.4725017223328676,
        2.441827025258744,
        2.412245468525835,
        2.3918749095851894,
        2.353829920384025,
        2.3389118712689076,
        2.319920284117945,
        2.3039467342117286,
        2.2924323804227424,
        2.269809476006344,
        2.2643767991427106,
        2.25117425424791,
        2.236935659575131,
        2.2339181830009687,
        2.2190413854590156,
        2.205903574893427,
        2.2006504677547003,
        2.191590840518014,
        2.185835757248184,
        2.1761774395864566,
        2.1670391622245586,
        2.161205733946339,
        2.1576071491197237,
        2.151588328654836,
        2.1435213149791523,
        2.1334386465169914,
        2.138472871397157,
        2.1307516018795267,
        2.1263356081669262,
        2.1193021594833183,
        2.1181714801920988,
        2.113403500692553,
        2.1075078226867747,
        2.108662045904805,
        2.1002053637777265,
        2.0976459552552638,
        2.09450858343145,
        2.0908203889634547,
        2.088629354465137,
        2.087907776766251,
        2.082022612393363,
        2.0794999608669253,
        2.0827264732334307,
        2.076424024573065
    ],
    "val_greedy_bleus": [
        0.2303850465415438,
        0.24691666415422767,
        0.2473903871678641,
        0.25074905709914896,
        0.25227652680127877,
        0.2530299982140177,
        0.2537319239136664,
        0.2542106095267834,
        0.25709330113402656,
        0.2554593468201246
    ],
    "val_greedy_meteors": [
        0.41305649086980856,
        0.42999692812771184,
        0.4342018476855592,
        0.44212869027671897,
        0.4394679431958879,
        0.44097457489326547,
        0.4429421447003261,
        0.4441536722546709,
        0.4442140981786898,
        0.4430771683252559
    ],
    "val_greedy_ciders": [
        0.7073833839939648,
        0.7671235358492972,
        0.7773288542066003,
        0.7963686370020613,
        0.7960944028318512,
        0.8008488898193706,
        0.8082182498847243,
        0.8100467660249637,
        0.8137524125245258,
        0.8121734344765975
    ],
    "val_beam_bleus": [
        0.2594073765991717,
        0.27174060869908834,
        0.27010363941430826,
        0.2733109973690003,
        0.27606775145317664,
        0.2806017711780855,
        0.2749248192664115,
        0.27873053374997037,
        0.2796878122900808,
        0.27890442251870057
    ],
    "val_beam_meteors": [
        0.4252738979149404,
        0.4391978504732405,
        0.4412007040174358,
        0.4475899011310714,
        0.4463286817309129,
        0.44867788728815283,
        0.44764354603961565,
        0.4512898104968748,
        0.45016533131564423,
        0.4492167554798679
    ],
    "val_beam_ciders": [
        0.7627318252635921,
        0.8097011748041091,
        0.8108498098166954,
        0.8287759887481653,
        0.8293693836209057,
        0.8417801210466614,
        0.8348969458645554,
        0.8485989445027383,
        0.8473667180454566,
        0.842802676613191
    ]
}