{
    "train_losses": [
        3.445256480662126,
        2.8454040506339333,
        2.7041235860016837,
        2.623162213212003,
        2.568734168637849,
        2.504504855117621,
        2.4686837699350654,
        2.4436644374679375,
        2.420135264234528,
        2.397636287455581,
        2.359812979720291,
        2.3400279044920733,
        2.3323005226885516,
        2.3184414778647504,
        2.3037624368343326,
        2.281728726450406,
        2.2644390097172957,
        2.250670928214396,
        2.2502833614946334,
        2.246348352852339,
        2.22192161317218,
        2.2156757143955144,
        2.213463796990732,
        2.2043679718624865,
        2.192452731512061,
        2.1789309142914584,
        2.169354036565542,
        2.1689473340831915,
        2.1606198483862133,
        2.1566372649194285,
        2.1455632224333527,
        2.1408429722513262,
        2.1366270487606984,
        2.1318210140446423,
        2.1305487267385126,
        2.118561618387054,
        2.113556916875854,
        2.109798631399087,
        2.100519603426342,
        2.1076559978990685,
        2.100064081607683,
        2.1000904895975565,
        2.0897416822508643,
        2.0848755192535555,
        2.0857612983520837,
        2.0813109620461323,
        2.0784327143679446,
        2.0763125477655224,
        2.0722967681965834,
        2.0731144747372943
    ],
    "val_greedy_bleus": [
        0.24832726710022698,
        0.2605177370981389,
        0.26779016091955976,
        0.2664621382109062,
        0.27101496063852387,
        0.2732696636113518,
        0.27656067056999484,
        0.2790185299378741,
        0.2787362766485078,
        0.27716683497155675
    ],
    "val_greedy_meteors": [
        0.43894416320592305,
        0.44580365009758904,
        0.45685675815131793,
        0.45688111901838213,
        0.45837751195339604,
        0.46013571970612105,
        0.4636225812709959,
        0.4640592262313267,
        0.46613807082237874,
        0.46410019053388485
    ],
    "val_greedy_ciders": [
        0.7903967673250537,
        0.8222559447760519,
        0.8546104259043869,
        0.8603356813364857,
        0.8718547151920413,
        0.8817377231587129,
        0.8882943237197255,
        0.8922044616827394,
        0.8962816569088353,
        0.8919932021072935
    ],
    "val_beam_bleus": [
        0.2782513459730887,
        0.29178614383025864,
        0.2924575250520018,
        0.2960281021758409,
        0.30151742880852656,
        0.3042410372082647,
        0.30323742964320477,
        0.3085062869968062,
        0.3064249576216709,
        0.30528494437789766
    ],
    "val_beam_meteors": [
        0.44798934290802095,
        0.45413838948931995,
        0.4624515830703224,
        0.465526628249745,
        0.4674939134017374,
        0.4705096394958334,
        0.4701535593325046,
        0.47342260949713805,
        0.4749183475485072,
        0.47293275978947774
    ],
    "val_beam_ciders": [
        0.8391420924780814,
        0.871494792500601,
        0.8922756915123294,
        0.9097378507448288,
        0.9185293760218596,
        0.9321821492106671,
        0.928853719905785,
        0.9382639295252522,
        0.9389675843080227,
        0.9385315177470234
    ]
}