{
    "train_losses": [
        4.305464402367087,
        3.574650789709652,
        3.3891235228145824,
        3.2733527099384983,
        3.178479685502894,
        3.105683372160968,
        3.04827810792362,
        2.993454552257762,
        2.9644248092875762,
        2.936857142167933,
        2.8773642197777245,
        2.8601041877970976,
        2.8303079885594986,
        2.8120371218288644,
        2.79607060769025,
        2.752739269593183,
        2.734264263826258,
        2.7144438799689796,
        2.709840767243329,
        2.6946575035768396,
        2.6578851391287412,
        2.6509703725927016,
        2.6359224229700424,
        2.632219761680154,
        2.615638152290793,
        2.5918026228512034,
        2.5822118843303006,
        2.5706107392030604,
        2.564563839295331,
        2.5605682614270378,
        2.535728625690236,
        2.5200840708788705,
        2.5193233849020564,
        2.5149941960503073,
        2.504246284821454,
        2.4945638881010166,
        2.4890511002260096,
        2.478120170481065,
        2.476584286409266,
        2.4670787861767938,
        2.4583540742537555,
        2.4504752658395206,
        2.450582572151633,
        2.4381415827134076,
        2.434549452837776,
        2.434006092408124,
        2.4249828658384436,
        2.428111251382267,
        2.420234831641702,
        2.4130591852524703
    ],
    "val_greedy_bleus": [
        0.17336532038873612,
        0.19444289264129336,
        0.19170696782526497,
        0.20063048198581754,
        0.20162630311813046,
        0.19653186541580211,
        0.19623878194204833,
        0.19865893560421355,
        0.20228645977485576,
        0.19929932501103312
    ],
    "val_greedy_meteors": [
        0.3553717769243827,
        0.36755687696112394,
        0.3636169077723153,
        0.3803824495483692,
        0.3797068957502169,
        0.3790519670463987,
        0.3824160387727589,
        0.3839880249414355,
        0.38541538891026994,
        0.38494793269769806
    ],
    "val_greedy_ciders": [
        0.3281764463795145,
        0.37014590972736733,
        0.3765778271081287,
        0.40367869789401695,
        0.4109318105858436,
        0.40688787651284886,
        0.4086206489828066,
        0.41408796609416737,
        0.4264722512516925,
        0.42186686620716574
    ],
    "val_beam_bleus": [
        0.18641965725108275,
        0.20781918622198547,
        0.21307675834954862,
        0.2150806921257713,
        0.21584277963585863,
        0.21471123785885404,
        0.21808270730138596,
        0.2165306022880276,
        0.2226790192908088,
        0.21999311558530618
    ],
    "val_beam_meteors": [
        0.35654755899402635,
        0.36889739359712426,
        0.37060117077579174,
        0.3792241326394417,
        0.3793615658096817,
        0.3804523555638844,
        0.38323462980551465,
        0.3842786606121218,
        0.3858497582511235,
        0.38458466785924994
    ],
    "val_beam_ciders": [
        0.35180112912672434,
        0.39283113411020326,
        0.4169626684793923,
        0.4295427855521307,
        0.43219861628488876,
        0.4370958685453336,
        0.4415473728930287,
        0.44314737941628485,
        0.45688599219564197,
        0.44928316927725176
    ]
}