{
    "train_losses": [
        4.450586936614092,
        3.6543661773906035,
        3.4262021289152256,
        3.27470879610847,
        3.185390541413251,
        3.086324167251587,
        3.031100251814898,
        2.977564006132238,
        2.9465404577816234,
        2.9109465458813837,
        2.8581620653937843,
        2.830018025005565,
        2.8091682821161608,
        2.7858455871133243,
        2.7715052234425266,
        2.727318215089686,
        2.707462802774766,
        2.6991860524345848,
        2.6874011982188506,
        2.6698629407321706,
        2.6348804844126983,
        2.6282408338434555,
        2.6174204512203443,
        2.6052426742104924,
        2.595447618260103,
        2.588068494235768,
        2.5675546797584086,
        2.5554181800169102,
        2.5504346931681914,
        2.541380849165075,
        2.52365566926844,
        2.513159631280338,
        2.513751100091373,
        2.505061610726749,
        2.4991205338870777,
        2.4808725508521583,
        2.4775839149250705,
        2.4797404485590318,
        2.469202293508193,
        2.46232775183285,
        2.453619217592127,
        2.4502122845369225,
        2.4423338676901425,
        2.448024186527028,
        2.4422989390878116,
        2.422946149040671,
        2.4246278241101433,
        2.423958849626429,
        2.4223549242580638,
        2.41676080086652
    ],
    "val_greedy_bleus": [
        0.17476131353701402,
        0.18077735529666938,
        0.18832004183521045,
        0.18596285522116981,
        0.1923359039972778,
        0.18691816174382206,
        0.1846432754726092,
        0.19553156439652822,
        0.1863822969555758,
        0.19147865320863205
    ],
    "val_greedy_meteors": [
        0.3504022081203785,
        0.3648472384275228,
        0.3642136241072157,
        0.37688159662335513,
        0.3712430178939054,
        0.37909509444282813,
        0.3819091675118399,
        0.37922718724156607,
        0.3795488253362954,
        0.3785567115637988
    ],
    "val_greedy_ciders": [
        0.3375555734153934,
        0.36595611823378643,
        0.38189779078587105,
        0.3759388623118261,
        0.39421051453863776,
        0.3825882991260399,
        0.39283004098221513,
        0.4048410575159641,
        0.38703732790789125,
        0.39605125741857045
    ],
    "val_beam_bleus": [
        0.1958392284045004,
        0.19582925121105335,
        0.20637786544318798,
        0.2076263214328597,
        0.21079549127283778,
        0.20588293560382934,
        0.20562408509424543,
        0.21575214456703792,
        0.20818022029590263,
        0.21724753573994007
    ],
    "val_beam_meteors": [
        0.3584142017506516,
        0.3654456083572125,
        0.37033674572825226,
        0.3794977935117199,
        0.3754697180040531,
        0.38176411474882355,
        0.38177586344408576,
        0.37813054326651363,
        0.3823502862600036,
        0.38250620275951847
    ],
    "val_beam_ciders": [
        0.37294996072782693,
        0.3886294773972765,
        0.408014985450139,
        0.4240026781201865,
        0.42387137922224516,
        0.4255436157517781,
        0.43032328743313775,
        0.43928666238896036,
        0.43000308824488787,
        0.44457522390539733
    ]
}