{
    "train_losses": [
        3.2980640631002105,
        2.8843667840662843,
        2.7672692369640886,
        2.7044809159392367,
        2.661258742282343,
        2.5893912788889324,
        2.5558321584689745,
        2.540447122162608,
        2.518651979231208,
        2.4970743310691033,
        2.463187105136087,
        2.4393826247735593,
        2.437983459814623,
        2.41957895704178,
        2.412702567057779,
        2.380618385406329,
        2.370166664882642,
        2.3577253383683643,
        2.3485723467661757,
        2.340989794576371,
        2.3201993643039898,
        2.3162649023293342,
        2.3112731960125648,
        2.3026916917177402,
        2.2975633648300464,
        2.2812223287970057,
        2.2673426547780102,
        2.2636030627734143,
        2.254941314597034,
        2.2571688625138178,
        2.242133826800439,
        2.2389120876881217,
        2.2298071912304143,
        2.231747026052873,
        2.229657504897582,
        2.2125439948792436,
        2.2103398102328433,
        2.204399355228017,
        2.2052743057194966,
        2.2015091043535673,
        2.190229527917122,
        2.1865117729539296,
        2.187474910129535,
        2.1818010292060595,
        2.183220407233172,
        2.173996874316951,
        2.1726391572487964,
        2.1667039562045516,
        2.1677283769965725,
        2.162235309572824
    ],
    "val_greedy_bleus": [
        0.22830032311246717,
        0.23906852576341356,
        0.25050880582777324,
        0.2515539852259652,
        0.24748372438704597,
        0.2566695596061048,
        0.2604170450442456,
        0.2623902696000097,
        0.25946347238503653,
        0.26109472250602567
    ],
    "val_greedy_meteors": [
        0.41075630570818916,
        0.4242858507504108,
        0.43250158544139233,
        0.4302265463251306,
        0.433406226026293,
        0.4393284091065604,
        0.44039694307240784,
        0.4432429957006931,
        0.4398096327431888,
        0.4432525650467736
    ],
    "val_greedy_ciders": [
        0.694565526425463,
        0.7308974478540369,
        0.7665636595987324,
        0.7751646471718594,
        0.7728583451145327,
        0.7987464631939394,
        0.7996350383091796,
        0.8102193641768581,
        0.805567789186572,
        0.8122728718213943
    ],
    "val_beam_bleus": [
        0.2596387765174042,
        0.26739981916187877,
        0.2796801791420002,
        0.28181764314479824,
        0.27905547958952587,
        0.2865651479492584,
        0.2878889535213446,
        0.2909918611228453,
        0.2899944490557178,
        0.2904852958465659
    ],
    "val_beam_meteors": [
        0.42280607854447017,
        0.4331805838051881,
        0.43927070572749666,
        0.44057760264455403,
        0.44342364309532495,
        0.44760739292024465,
        0.44804388948137464,
        0.45036022938544845,
        0.45090721587974375,
        0.45203298373215794
    ],
    "val_beam_ciders": [
        0.7425041519646927,
        0.7870753839577009,
        0.8121112325489329,
        0.8230135861601859,
        0.8243233177292523,
        0.844103200535226,
        0.8418328211616469,
        0.8540798177651722,
        0.8534876453634437,
        0.8582975521652356
    ]
}