{
    "train_losses": [
        4.504581517612233,
        3.6969057632895077,
        3.4605549554263844,
        3.32732216610628,
        3.235761974559111,
        3.1468007222343894,
        3.088159028782564,
        3.0431221664653103,
        3.0037657603095558,
        2.9659319052976723,
        2.917548892077278,
        2.9057895795036766,
        2.8757052191566017,
        2.862995409124038,
        2.8360598996106314,
        2.801664228439331,
        2.7935147021798525,
        2.7722551244847913,
        2.752853541654699,
        2.7458719062805175,
        2.730871130438412,
        2.711053139742683,
        2.7124446515476004,
        2.689983383627499,
        2.6817748019274545,
        2.671692320879768,
        2.661530868866864,
        2.650191899467917,
        2.6432497260149788,
        2.63711103663725,
        2.6261799918904023,
        2.6136888173047232,
        2.6164719727460075,
        2.6005743907479677,
        2.5962832742578845,
        2.590693578159108,
        2.5837414522732005,
        2.579135035346536,
        2.5831720554127413,
        2.577929058074951,
        2.566553757050458,
        2.5660028182759005,
        2.5517790126800537,
        2.5507638347850126,
        2.5443472693948186,
        2.54425056625815,
        2.5410077532599953,
        2.528709764480591,
        2.5344613254771513,
        2.5254363592933204
    ],
    "val_greedy_bleus": [
        0.14904100502301695,
        0.18565505835181242,
        0.20254684776196494,
        0.19391603405614619,
        0.18429157188260448,
        0.19172248432073286,
        0.1974199201934922,
        0.19196040811766368,
        0.19825160404001285,
        0.19835236111626728
    ],
    "val_greedy_meteors": [
        0.35039560952307525,
        0.3567690295708408,
        0.37141470364609763,
        0.3710997813250129,
        0.3729910950429911,
        0.37315586118864474,
        0.3745012178656072,
        0.38125121346875834,
        0.37992838939857065,
        0.3802959914259516
    ],
    "val_greedy_ciders": [
        0.2944079252024971,
        0.35740392903969537,
        0.4012973953870303,
        0.39250618814992577,
        0.38002682225709855,
        0.38474873153037026,
        0.4097569649868508,
        0.4022809745200479,
        0.4067429232708015,
        0.41658944566085926
    ],
    "val_beam_bleus": [
        0.16679799913576343,
        0.20201882423915404,
        0.21182457695309154,
        0.2119157223663249,
        0.2090450746347144,
        0.2134143993041954,
        0.2157641790242321,
        0.2127748378480614,
        0.21658487913354957,
        0.21683452041133316
    ],
    "val_beam_meteors": [
        0.35919043609427387,
        0.3639584914034848,
        0.3718682234636185,
        0.3733884180160693,
        0.3760657357241121,
        0.37849289757998017,
        0.3783553414599878,
        0.3818442145813948,
        0.38343134642633137,
        0.38069446764398884
    ],
    "val_beam_ciders": [
        0.3331647410144536,
        0.38962607415104045,
        0.4140022161957444,
        0.42523311448812245,
        0.4258099411736564,
        0.42202962509358566,
        0.4301125712537234,
        0.43491808768168394,
        0.44402908234649185,
        0.4456935296935075
    ]
}