{
    "train_losses": [
        4.736789034006182,
        3.7684201947959934,
        3.4900727518287624,
        3.3222243382897174,
        3.214500281732407,
        3.1166033162757265,
        3.0571411999178606,
        2.9965369813319103,
        2.9463069629221454,
        2.90407287906593,
        2.850673089005018,
        2.810763824713622,
        2.793309174792867,
        2.7599826687378504,
        2.7408315777218957,
        2.707067782890069,
        2.673147184748045,
        2.6600374358360757,
        2.64397020407126,
        2.6361054657770433,
        2.5978515226516365,
        2.5818529957337,
        2.5773353151312457,
        2.549421277964059,
        2.539298976531051,
        2.5198700282495348,
        2.51159561072157,
        2.494700738521809,
        2.4770095370744873,
        2.4850477086546277,
        2.4638047912311105,
        2.450511161150507,
        2.4368651987801138,
        2.4308122995313903,
        2.419113836377999,
        2.408584001478455,
        2.410988775217477,
        2.3985468221942026,
        2.3840754132875253,
        2.3912426283661747,
        2.376627714980936,
        2.368118089129667,
        2.362060034219088,
        2.359768123134201,
        2.3515654841499147,
        2.3387141977677324,
        2.336717580965427,
        2.328507665177466,
        2.324292860120675,
        2.326287973654662
    ],
    "val_greedy_bleus": [
        0.18130497993825948,
        0.1833888256177697,
        0.1823862982906776,
        0.1949511915779755,
        0.19093710616652965,
        0.19525776286282925,
        0.20254586499077526,
        0.20305215584708233,
        0.1939171484136106,
        0.20020639314129104
    ],
    "val_greedy_meteors": [
        0.3584281459745443,
        0.36660110490231596,
        0.3784721046060986,
        0.38496666971498356,
        0.3860690648943599,
        0.3835692259606633,
        0.3871092931256173,
        0.3877667639068437,
        0.38444381818621004,
        0.3893853584823062
    ],
    "val_greedy_ciders": [
        0.3521647321205367,
        0.3836959272665983,
        0.39414665606811833,
        0.4207159472173078,
        0.40939195194077893,
        0.4185055768795154,
        0.4284982491620178,
        0.43617702728929575,
        0.42589965148866676,
        0.43529025220605877
    ],
    "val_beam_bleus": [
        0.203958492901711,
        0.20537609106722826,
        0.2111897819101214,
        0.21787298364058705,
        0.21196872767179165,
        0.21470432690517882,
        0.220020393846709,
        0.2214267465304697,
        0.21727054499010798,
        0.22054889013481413
    ],
    "val_beam_meteors": [
        0.36565989170058427,
        0.37169615941694345,
        0.3860593237605652,
        0.38802119729294476,
        0.39250990386066353,
        0.38702808594274996,
        0.3873858963608215,
        0.388446539724908,
        0.3860227878473038,
        0.3920187799322456
    ],
    "val_beam_ciders": [
        0.390481261725472,
        0.4172806080323099,
        0.43239913043792316,
        0.4511572764287669,
        0.4513536351552298,
        0.45000144341204695,
        0.45935496723140706,
        0.45992217222102627,
        0.45851026041685006,
        0.45880975430891097
    ]
}