{
    "train_losses": [
        3.846747631820313,
        3.0096313485406467,
        2.8008818283700134,
        2.685865722446943,
        2.6130180439956407,
        2.549594381493063,
        2.5075034949657904,
        2.4781051586731877,
        2.445052749591043,
        2.423837146213655,
        2.392173141102887,
        2.368336858115572,
        2.3584151856681848,
        2.3412997623131115,
        2.325508726988178,
        2.3107720124297755,
        2.2950355417024593,
        2.288344324556348,
        2.281573607527307,
        2.2695485238314044,
        2.252083257232236,
        2.253413041094908,
        2.239817846687352,
        2.2321326265563552,
        2.2264055752496263,
        2.219144570127337,
        2.2118827181953185,
        2.206411416047876,
        2.2022647783045053,
        2.1926971510904836,
        2.1891002032266704,
        2.1855575878984963,
        2.1804090949261945,
        2.1764842379590643,
        2.1723419153340267,
        2.1654798353473774,
        2.159915664833517,
        2.1612932769555764,
        2.1562060991063183,
        2.1555144101427364,
        2.154618328376752,
        2.1466732508800868,
        2.1455665660973127,
        2.1454753338645745,
        2.1439927642275416,
        2.137722023764202,
        2.1317004531023125,
        2.1317780550333225,
        2.129969078753794,
        2.1282724110752205
    ],
    "val_greedy_bleus": [
        0.22897734718578716,
        0.24088215455451595,
        0.24353414413377553,
        0.2505863003359668,
        0.2570773778149209,
        0.25781447177977224,
        0.2594861740848227,
        0.25663258784037807,
        0.2583527859690403,
        0.25897792528966196
    ],
    "val_greedy_meteors": [
        0.41693940421812237,
        0.4297468440188835,
        0.4337966814231718,
        0.43939129645032377,
        0.44306475002112183,
        0.4442298140792882,
        0.44436733405945195,
        0.44486390033457035,
        0.44527055345148225,
        0.44686822998756676
    ],
    "val_greedy_ciders": [
        0.7110657592023646,
        0.7559806957582826,
        0.7727470580258685,
        0.7933953297735205,
        0.8120240787807482,
        0.8118913261952027,
        0.817941024244528,
        0.8111313997687899,
        0.8154957029156568,
        0.8195066865567684
    ],
    "val_beam_bleus": [
        0.26430909755791354,
        0.26957543695143604,
        0.2736210513498419,
        0.27603042041897496,
        0.28016476997136713,
        0.2771659598318506,
        0.28040900298375676,
        0.28180042104498093,
        0.2816829444938473,
        0.2817779747947428
    ],
    "val_beam_meteors": [
        0.4290632732691549,
        0.43894244508921704,
        0.44433728654175403,
        0.44795748075901676,
        0.44928925646919865,
        0.4488936502514488,
        0.45013214359977544,
        0.45206368402369157,
        0.4523917986595514,
        0.4528577866000614
    ],
    "val_beam_ciders": [
        0.7672166702145463,
        0.8037838787180418,
        0.824341476145152,
        0.8344004267434234,
        0.8421492809083572,
        0.8375557690701676,
        0.8473581889852255,
        0.8518452518973468,
        0.8514438032562006,
        0.8523484275772885
    ]
}