{
    "train_losses": [
        4.315034504787463,
        3.4835723453844096,
        3.2624102288008854,
        3.109980342533667,
        3.0064709544741492,
        2.907478585489479,
        2.8312763932725074,
        2.780675601511494,
        2.7338620228386823,
        2.6936072217466687,
        2.6241980460887784,
        2.5759409727624885,
        2.5391510842551646,
        2.5118923534250035,
        2.4726857691303663,
        2.4190252834642436,
        2.3900210129822925,
        2.35340244893177,
        2.3311512526212166,
        2.31291805970277,
        2.267142615967513,
        2.242797616501929,
        2.220337862140136,
        2.2006726466434103,
        2.1746922736996215,
        2.1501113814367376,
        2.1134098208566225,
        2.1014044934035465,
        2.0894493933574694,
        2.075626466195908,
        2.0391760280994182,
        2.022761791524753,
        2.00420772861427,
        1.9920522685341993,
        1.9862937345191347,
        1.9587548926402705,
        1.9347995765891992,
        1.9255144243508997,
        1.9091366646995007,
        1.90266601972177,
        1.8767603993975501,
        1.8772718223607596,
        1.864652933649054,
        1.850766227278911,
        1.837862895128313,
        1.8258295210314468,
        1.816166854240525,
        1.8011591949373345,
        1.7977422772438874,
        1.790999091287174
    ],
    "val_greedy_bleus": [
        0.17650974115053603,
        0.18534150837311164,
        0.18945201075750862,
        0.18058422900194068,
        0.18458536133594985,
        0.18834253482766433,
        0.17718739765043395,
        0.17645988697348614,
        0.18180111579794483,
        0.17797340201892062
    ],
    "val_greedy_meteors": [
        0.36336194821802303,
        0.37673750240106363,
        0.38294357595791634,
        0.3828198834328972,
        0.3851169475060394,
        0.381471465082243,
        0.38171564261763735,
        0.38156655171484927,
        0.38175379753641003,
        0.3816685635800565
    ],
    "val_greedy_ciders": [
        0.3707020967650532,
        0.3989380915700596,
        0.41451165578995514,
        0.39699458382418396,
        0.42201127535057886,
        0.4145965966800896,
        0.39675955056246737,
        0.40294574958257623,
        0.411387329873768,
        0.40224311932959267
    ],
    "val_beam_bleus": [
        0.19811186169143805,
        0.20741225209147962,
        0.2125204412395173,
        0.19916891408814535,
        0.21381112920418277,
        0.21332075600883968,
        0.20311729116565355,
        0.1970467730847965,
        0.20608608240457027,
        0.20124271458680246
    ],
    "val_beam_meteors": [
        0.3678373457575438,
        0.3761455091515619,
        0.38479616147903656,
        0.3867776363640604,
        0.38826364570003613,
        0.385149418256985,
        0.3863705823279177,
        0.3848641007566845,
        0.3831363294582769,
        0.38772994010569994
    ],
    "val_beam_ciders": [
        0.3974991644719423,
        0.42326324804074517,
        0.4530234896764691,
        0.4368030058002479,
        0.46715817835303874,
        0.4554278741002134,
        0.44995569368685834,
        0.44260077192621516,
        0.4493795481414252,
        0.4475974758115477
    ]
}