{
    "train_losses": [
        4.395279863070994,
        3.5934987583070854,
        3.3606528351564364,
        3.2230593945498756,
        3.1271944269887717,
        3.0265248325509084,
        2.9744100436358383,
        2.923187901716277,
        2.8804148105388516,
        2.843728797536501,
        2.779295349344961,
        2.7485585783568904,
        2.726605967176912,
        2.7010094403101244,
        2.6798382107640655,
        2.6447604329373355,
        2.61819524496374,
        2.594840001612202,
        2.5781575402183714,
        2.5638943737101667,
        2.524068769714642,
        2.5107838626198924,
        2.5027321761762593,
        2.482478492136852,
        2.46534444132881,
        2.45124063917169,
        2.4386924051902663,
        2.419308796734877,
        2.4111102119857715,
        2.39999044445199,
        2.3796736925420627,
        2.3750340535607135,
        2.3561629801289015,
        2.3489649340580327,
        2.3439741559991254,
        2.327516562502149,
        2.3206723419153636,
        2.317049264907837,
        2.305625686063453,
        2.2936569614589493,
        2.285367507889797,
        2.279148542825045,
        2.2786010957100022,
        2.2608212059092634,
        2.259386481253754,
        2.2434668059640086,
        2.2406372956826655,
        2.2416481087465243,
        2.231060656023697,
        2.230612280223291
    ],
    "val_greedy_bleus": [
        0.13575246916004738,
        0.17226933649229054,
        0.17192865723427486,
        0.16839353379966412,
        0.168687797923645,
        0.177702565063108,
        0.17988630657909965,
        0.1790944337638712,
        0.16704581898104146,
        0.1757354647164664
    ],
    "val_greedy_meteors": [
        0.34735438492775667,
        0.3467709580096258,
        0.3556751896450483,
        0.36097775260605247,
        0.3594573278130234,
        0.36132048062930283,
        0.36994436972639516,
        0.3680844839063892,
        0.36936326698895866,
        0.36697066381578025
    ],
    "val_greedy_ciders": [
        0.29150836093629057,
        0.3378300151865718,
        0.34282390521922484,
        0.3591525992086419,
        0.35686157260486334,
        0.3740961490869001,
        0.37421774106057715,
        0.3767730403037287,
        0.3571261874253801,
        0.3748025513994528
    ],
    "val_beam_bleus": [
        0.166660674180284,
        0.19247060558738982,
        0.1930931388191482,
        0.1896669566956441,
        0.188086477584411,
        0.1966593804093176,
        0.20097235217689433,
        0.2002787695935599,
        0.18712107343024453,
        0.1977266504904606
    ],
    "val_beam_meteors": [
        0.35648891121491366,
        0.3543609386849088,
        0.35991382873025596,
        0.3643882073434457,
        0.36481062400053765,
        0.36173221161451496,
        0.3675212514739063,
        0.3695401823098978,
        0.37006348362840935,
        0.3685930918503004
    ],
    "val_beam_ciders": [
        0.34003963706013474,
        0.36742784056847766,
        0.36379572319289305,
        0.3850673535570585,
        0.39789951340435437,
        0.39723790715278506,
        0.4081436293289712,
        0.40629253940074245,
        0.3890870727247539,
        0.40822168687055255
    ]
}