{
    "train_losses": [
        4.5982604239468285,
        3.768543198634761,
        3.5496737811487047,
        3.420329830456228,
        3.330026325485516,
        3.24146456785605,
        3.181363864683769,
        3.13968829593748,
        3.1028527474739183,
        3.0786301328542645,
        3.0331409436436325,
        2.9912791599130406,
        2.970291449990071,
        2.9548323221609625,
        2.928698374072151,
        2.90651535987854,
        2.8795409930144116,
        2.8631647662937363,
        2.8462363028190505,
        2.8306526231094145,
        2.808358633462252,
        2.792819900691789,
        2.7782150546150026,
        2.7652011119144064,
        2.7564194672544238,
        2.7418161457133405,
        2.7315422861788754,
        2.711888270758687,
        2.711461877599009,
        2.7010549614686923,
        2.6896317956593117,
        2.677123666369299,
        2.6689167414472696,
        2.6694714933493886,
        2.6607298291345156,
        2.6453271091264177,
        2.635263072492931,
        2.624753414745062,
        2.6190287440035824,
        2.62125237558929,
        2.6032416014604167,
        2.603533811972175,
        2.594167769794733,
        2.589217761312852,
        2.58838239074313,
        2.581561029237201,
        2.5689195321759146,
        2.566139187611325,
        2.5681016724993926,
        2.5665442999539803
    ],
    "val_greedy_bleus": [
        0.162215046178293,
        0.14948854610901255,
        0.16529804412722754,
        0.171974435597127,
        0.17182688655660228,
        0.1657881011271875,
        0.17017561281416665,
        0.1684663521499296,
        0.17348229245527486,
        0.16986434721751376
    ],
    "val_greedy_meteors": [
        0.33577160331568445,
        0.3314792536555734,
        0.3424622236186007,
        0.34632625243799753,
        0.34824407450900086,
        0.35119517467903855,
        0.3495087911721125,
        0.352565130553168,
        0.3495681449699452,
        0.35505870737910744
    ],
    "val_greedy_ciders": [
        0.27484109476634533,
        0.268721020913483,
        0.2945261419731583,
        0.31017825705260077,
        0.31047199308487794,
        0.3098742688801128,
        0.3075261687112818,
        0.31008240505565593,
        0.31707153587485165,
        0.3121069436405266
    ],
    "val_beam_bleus": [
        0.17099860369495054,
        0.17654187682569028,
        0.18109050956214912,
        0.1901352767685057,
        0.19179156683170825,
        0.18337517249085716,
        0.18744797830953513,
        0.18947281615780673,
        0.1961213179048626,
        0.18727122200343507
    ],
    "val_beam_meteors": [
        0.33136556957845564,
        0.33943121055478154,
        0.3453008214329787,
        0.3514331379750787,
        0.3560043722449852,
        0.352011624580445,
        0.35032860758117235,
        0.3558129324908433,
        0.3526674238982222,
        0.355798854491911
    ],
    "val_beam_ciders": [
        0.2824616279383587,
        0.3045970348988688,
        0.3216994858890904,
        0.3429790087221053,
        0.34805920406749064,
        0.3406231109453902,
        0.3364543940381626,
        0.34625338400859684,
        0.3537056916896341,
        0.34582889696094143
    ]
}