{
    "train_losses": [
        4.206287464815028,
        3.499385289584889,
        3.3050696614209345,
        3.181050436356488,
        3.0948767645218793,
        2.986243590186624,
        2.93624028598561,
        2.8930136271084055,
        2.854540543836706,
        2.8226489454157213,
        2.751443972307093,
        2.7220462490530575,
        2.698333178688498,
        2.685928321726182,
        2.6522371527727913,
        2.6027831739537857,
        2.5857333901349238,
        2.562419754477108,
        2.5411839322482837,
        2.538178772084853,
        2.4966173317853144,
        2.4719660893608544,
        2.463441792095409,
        2.4430300482581644,
        2.428716059853049,
        2.392769698535695,
        2.389240706948673,
        2.3706045380760643,
        2.3670884799957275,
        2.3510074918410355,
        2.3252581198075237,
        2.3136425702712113,
        2.311453601051779,
        2.299980159927817,
        2.290309437302982,
        2.272556761012358,
        2.2676771306991577,
        2.2574156447017892,
        2.2429514537138098,
        2.2357339096069335,
        2.2209369541617,
        2.2047384811850157,
        2.2040531461379107,
        2.194705791753881,
        2.1879152783225564,
        2.176299938594594,
        2.1731508571961347,
        2.157541071106406,
        2.153140876152936,
        2.1603359216802263
    ],
    "val_greedy_bleus": [
        0.16617565045305174,
        0.18979857151040955,
        0.19175352828145817,
        0.20098209930876285,
        0.1938949121428649,
        0.1977310719292925,
        0.18495136466368772,
        0.18932032901246004,
        0.1953492024344114,
        0.19321645916220373
    ],
    "val_greedy_meteors": [
        0.3570508238728482,
        0.37005201099712903,
        0.36699975878407426,
        0.3811750938593648,
        0.38418609150143423,
        0.3821675959573531,
        0.38984825184661154,
        0.3883293113378699,
        0.38726301054034784,
        0.38700247983143177
    ],
    "val_greedy_ciders": [
        0.3380434971103297,
        0.38132837258646357,
        0.39143422469160716,
        0.4111272642672067,
        0.41333762849594224,
        0.4225793187398005,
        0.41493426862498584,
        0.4063953811991675,
        0.43341624183516875,
        0.4239258333455385
    ],
    "val_beam_bleus": [
        0.18413129349039978,
        0.20636357359137875,
        0.20856004769906727,
        0.2208772302572491,
        0.21851205247294103,
        0.21812377349201087,
        0.2073323707373582,
        0.2124808601181212,
        0.21905378642208514,
        0.2143134119290001
    ],
    "val_beam_meteors": [
        0.3566246423241563,
        0.37179120277210115,
        0.37256905621086794,
        0.38157821696446365,
        0.3886036277453059,
        0.3831886098917401,
        0.3914824914524988,
        0.3918415312718024,
        0.38760285253795757,
        0.3882727690644888
    ],
    "val_beam_ciders": [
        0.36268049491131965,
        0.40633064377737066,
        0.41772102043976217,
        0.43614389655727304,
        0.44749707852862614,
        0.44911429339725506,
        0.45140967375037,
        0.4553662935050873,
        0.4639782284773573,
        0.4547969843679622
    ]
}