{
    "train_losses": [
        3.300602453937855,
        2.813234138894118,
        2.68371431610131,
        2.6176712113149017,
        2.55855822397347,
        2.4842181344857726,
        2.459116476028006,
        2.4354023019534172,
        2.409923272486632,
        2.3927827673680633,
        2.3532509368022407,
        2.331122229880491,
        2.316072941563413,
        2.307655322312203,
        2.298602650670401,
        2.265281841596459,
        2.2536817401233007,
        2.2389023335307976,
        2.2404391459740665,
        2.2246114674270427,
        2.200131971095408,
        2.19373150301127,
        2.1817927481217954,
        2.178170589335735,
        2.1730380733562216,
        2.158830556379404,
        2.147851494585712,
        2.141720018854834,
        2.1370915971362425,
        2.1371879860459377,
        2.1220755744754256,
        2.114883297654171,
        2.1108669027847338,
        2.104395453767762,
        2.100469296829778,
        2.090854363703101,
        2.0829491849292006,
        2.0821080270469463,
        2.0802192883292525,
        2.077253577974517,
        2.064566058574541,
        2.060150561045274,
        2.0602541013147215,
        2.0539072167928656,
        2.048765697195504,
        2.048648268859574,
        2.0439479611756446,
        2.036125631660361,
        2.0381369208442006,
        2.037766497507346
    ],
    "val_greedy_bleus": [
        0.24006017223373122,
        0.2625542695961695,
        0.25928296610166196,
        0.2689766013292167,
        0.2736319055082675,
        0.2707217072145462,
        0.277413103173671,
        0.27315392393220755,
        0.2788703504258911,
        0.277853523441867
    ],
    "val_greedy_meteors": [
        0.4253749101374393,
        0.4491275572194306,
        0.4495422936529136,
        0.4523678462690111,
        0.45924771890586913,
        0.46236127688824935,
        0.46199443942269347,
        0.4626517965836524,
        0.466008619163657,
        0.46537860879078924
    ],
    "val_greedy_ciders": [
        0.7616740744600357,
        0.8366962895277097,
        0.8438214633245519,
        0.8550892843390198,
        0.8765903575186229,
        0.8713629318287408,
        0.8876875521842331,
        0.8826490755365158,
        0.8940945888151323,
        0.8909405353067931
    ],
    "val_beam_bleus": [
        0.2741853676309715,
        0.2848865169517492,
        0.2923021360366639,
        0.29773669085024174,
        0.30114239343294236,
        0.2968726552257175,
        0.30379486003225414,
        0.3004352444033726,
        0.30335891637745915,
        0.30531303866874576
    ],
    "val_beam_meteors": [
        0.440465592358126,
        0.45285568435020623,
        0.4578350730308281,
        0.4605685616906519,
        0.46795752004857194,
        0.46812630261243116,
        0.4701476368992979,
        0.46973873433495517,
        0.47211598078857636,
        0.4722072388693557
    ],
    "val_beam_ciders": [
        0.8261831395230538,
        0.8669947643127826,
        0.8859338346155616,
        0.8986760260174989,
        0.9180578531810921,
        0.9113967079666883,
        0.9253935962349453,
        0.920387143367897,
        0.9320619641384901,
        0.9328952770668565
    ]
}