{
    "train_losses": [
        4.791867147588953,
        3.8369101660912026,
        3.5612573153536085,
        3.3932198717000897,
        3.2715360110914204,
        3.1866608662224714,
        3.1169922105583225,
        3.0750347370273072,
        3.027080432909755,
        2.983414588399896,
        2.9310322837650498,
        2.908655158790624,
        2.8804013426874726,
        2.845287840131303,
        2.8255979108138822,
        2.800486983267914,
        2.771164570615885,
        2.7585114369370007,
        2.7391950535662297,
        2.735015307233927,
        2.705106215857564,
        2.6869713286278953,
        2.6771094295340525,
        2.6610916959287976,
        2.6580540294378574,
        2.6381367461782106,
        2.622947655933004,
        2.614152364327874,
        2.606618693177129,
        2.5970720897817836,
        2.582196783012068,
        2.569065318980687,
        2.564653107817744,
        2.558893991747932,
        2.5528668954338825,
        2.5458499131628045,
        2.5329238853544136,
        2.530121582774489,
        2.5227771756794533,
        2.519742387001503,
        2.5039521774775544,
        2.5105964219626125,
        2.499215755104459,
        2.499090868542452,
        2.495583519689354,
        2.4884044474839047,
        2.4870170819367603,
        2.4812612544762698,
        2.4769304806077983,
        2.474459661564357
    ],
    "val_greedy_bleus": [
        0.19348023139053755,
        0.18087582044082812,
        0.19545555034077342,
        0.1956891772781715,
        0.1989163872051366,
        0.1986140549217846,
        0.19516513287846624,
        0.19559227144363722,
        0.19922798731277444,
        0.2021875779709446
    ],
    "val_greedy_meteors": [
        0.35412656570152035,
        0.3660808430495088,
        0.37282739280243404,
        0.3845944064194447,
        0.3822790440913073,
        0.3832592994240883,
        0.3870254407111767,
        0.38609217847757576,
        0.3863977919457832,
        0.3881870962759455
    ],
    "val_greedy_ciders": [
        0.3599661403291079,
        0.3680797508788968,
        0.38909462076504475,
        0.4118658879547088,
        0.42106381065074017,
        0.4153696454849632,
        0.40983014223273934,
        0.4176584261753929,
        0.42971165192053346,
        0.42551102197665713
    ],
    "val_beam_bleus": [
        0.20521129220556636,
        0.1968460081703833,
        0.21188598907219416,
        0.21477072220764906,
        0.21583507269755517,
        0.21858216202736586,
        0.21282905377018688,
        0.21591762856347524,
        0.21946857489514898,
        0.21909642165368826
    ],
    "val_beam_meteors": [
        0.3603471262001831,
        0.3746082798082346,
        0.37690514861974994,
        0.38590506610115,
        0.3866448620117725,
        0.3857134936723276,
        0.38877078077713334,
        0.39196830240675246,
        0.3916498283468529,
        0.38775314676706596
    ],
    "val_beam_ciders": [
        0.37963613322461226,
        0.3968927207284084,
        0.418494120130933,
        0.4437237174316802,
        0.451425949434386,
        0.45126924562416165,
        0.4465252075173788,
        0.45377524767377175,
        0.4604811544072134,
        0.4486680807995871
    ]
}