{
    "train_losses": [
        3.46607670422868,
        2.877778117402444,
        2.73439590602975,
        2.652490639244386,
        2.6032096442336092,
        2.5336039140014415,
        2.502502608888853,
        2.4796393184794523,
        2.457110479220725,
        2.4345683988868916,
        2.3990344037596927,
        2.383137404273798,
        2.3685093064212355,
        2.3615009738636163,
        2.3437757961901116,
        2.32018537471615,
        2.3109739123393065,
        2.29702536390959,
        2.2905826737191615,
        2.285934228064288,
        2.267172751876265,
        2.255880657451046,
        2.25075089157641,
        2.2451860461574067,
        2.236210750833361,
        2.2197622157506633,
        2.215878203165771,
        2.21207148269671,
        2.2071302674100424,
        2.1992233193823507,
        2.189855376295918,
        2.1846525874535856,
        2.1842523032951946,
        2.175866725640098,
        2.175692740603245,
        2.1640511220536975,
        2.161831615697103,
        2.1581651244134035,
        2.154200510411211,
        2.1509233381501307,
        2.1470384871388513,
        2.141121270575516,
        2.141659232527248,
        2.1390277190591673,
        2.134206194966064,
        2.1308358555783444,
        2.1234537454255764,
        2.122295192902018,
        2.122133112580183,
        2.123039458597646
    ],
    "val_greedy_bleus": [
        0.22437944016294561,
        0.24466667201859407,
        0.25421320713124457,
        0.25177581133023547,
        0.255143022246325,
        0.2546007102058285,
        0.25357566812965715,
        0.25815088604877523,
        0.2557029979798003,
        0.2552522706608796
    ],
    "val_greedy_meteors": [
        0.4246158233270036,
        0.4312509304102928,
        0.43996582953627084,
        0.43802622085854964,
        0.44177782601016974,
        0.44041090956923196,
        0.44292348319151864,
        0.4435291787364959,
        0.4448945243478573,
        0.4445682757134045
    ],
    "val_greedy_ciders": [
        0.7259068119055668,
        0.7663666108835799,
        0.8042177145211472,
        0.8000451680907175,
        0.8125261631540047,
        0.8061854311224339,
        0.814204174737424,
        0.8202785462036318,
        0.8198604535698077,
        0.8218117617537137
    ],
    "val_beam_bleus": [
        0.26147831828644263,
        0.26602906594361864,
        0.28123404337168995,
        0.2763327148316767,
        0.2811546769262798,
        0.2827489997937697,
        0.282082562200546,
        0.28306116380216306,
        0.28182252926896956,
        0.28184993936705877
    ],
    "val_beam_meteors": [
        0.43589263880977874,
        0.43572030601608597,
        0.4484244419829968,
        0.4467788756113499,
        0.44880903389601806,
        0.44985271315046155,
        0.45061576548464616,
        0.4511282916359639,
        0.451398032529451,
        0.4525349508782277
    ],
    "val_beam_ciders": [
        0.7812431823752832,
        0.7958369553958488,
        0.8429650865894177,
        0.8433010761126782,
        0.8506318758240841,
        0.848358867261918,
        0.8560465314476909,
        0.855426612735194,
        0.8590583265393268,
        0.8612955990019375
    ]
}