{
    "train_losses": [
        3.3776715074477277,
        2.8734472183024127,
        2.752092944414944,
        2.6683326602166364,
        2.624879881255962,
        2.5560817475296798,
        2.5221653809134708,
        2.4960874763117324,
        2.4715164584759766,
        2.458963877082424,
        2.4183150944422347,
        2.4042356150596182,
        2.386357906612768,
        2.3754337500015033,
        2.362844957542567,
        2.335362388324885,
        2.3210447206747773,
        2.3089685676823812,
        2.3040056785070546,
        2.2981438036127106,
        2.2751627616941286,
        2.2613675359411993,
        2.2611190502573573,
        2.258536375563885,
        2.2469408769143238,
        2.2291426481751055,
        2.2226993441581726,
        2.215751282030132,
        2.2140663862228394,
        2.2064115315721797,
        2.1981534478837594,
        2.1866164237859627,
        2.186183604888238,
        2.182725976939548,
        2.182698632410542,
        2.166588415134082,
        2.1619696925744023,
        2.1592239710794536,
        2.1642697289516972,
        2.1543430124957927,
        2.144724391343236,
        2.1451831255482374,
        2.13909665777289,
        2.138171073918733,
        2.1328498137052496,
        2.13045378317236,
        2.1263298149086776,
        2.1233946797099694,
        2.1215643899333902,
        2.1212181895740985
    ],
    "val_greedy_bleus": [
        0.24856420881302665,
        0.25570711777484795,
        0.2656818951371611,
        0.27230497717004465,
        0.27533717801998847,
        0.2803054435851232,
        0.274635645362084,
        0.27912287538099684,
        0.2782485994782843,
        0.2794702538767751
    ],
    "val_greedy_meteors": [
        0.4334268200841355,
        0.4414185562742769,
        0.44971049916065886,
        0.4518122552766729,
        0.4572411923462149,
        0.4613025735188908,
        0.45778231380353457,
        0.46196669095301146,
        0.4615698261742806,
        0.4619135267417415
    ],
    "val_greedy_ciders": [
        0.7670063484749734,
        0.8113831535595353,
        0.8332396942665694,
        0.8548065510083832,
        0.8616945867352147,
        0.8816349678729568,
        0.8765711951131623,
        0.8858777885042136,
        0.8862241834293556,
        0.8887375784244338
    ],
    "val_beam_bleus": [
        0.27774147352713435,
        0.2898269023053604,
        0.2921898018699975,
        0.29970340246429894,
        0.301748936358855,
        0.30781389023443967,
        0.306459875536159,
        0.3057828726224878,
        0.3056291972385041,
        0.3080739115222902
    ],
    "val_beam_meteors": [
        0.4370641936787649,
        0.4512300029425594,
        0.45216496957531654,
        0.4611231997270957,
        0.4653463366013901,
        0.4673194790362302,
        0.46740411456654946,
        0.46887815032970637,
        0.47029675559595013,
        0.47057189051736753
    ],
    "val_beam_ciders": [
        0.8115083150935225,
        0.8652703033567222,
        0.8657244837511835,
        0.8955501324962067,
        0.9021178225241958,
        0.9190055522922356,
        0.9236986561982534,
        0.922376230735054,
        0.9291381725112972,
        0.9309854309491502
    ]
}