{
    "train_losses": [
        4.330100991305183,
        3.745513729768641,
        3.5843765236349667,
        3.4787751596114216,
        3.4010485026415656,
        3.3039420643974755,
        3.2641213052413045,
        3.2192993029426127,
        3.1951291291853963,
        3.150724126591402,
        3.1045018779530245,
        3.0847214794158937,
        3.048673729616053,
        3.025275885077084,
        3.0039016072890337,
        2.9656328593983368,
        2.951831901774687,
        2.929744031008552,
        2.9136562942056097,
        2.895414670495426,
        2.8751135377322927,
        2.8565686214671415,
        2.8357061335619758,
        2.820508452022777,
        2.8160980387294994,
        2.7911641575308406,
        2.775531809750725,
        2.7604863985847023,
        2.7549344320858227,
        2.745265579223633,
        2.721658281438491,
        2.71448688843671,
        2.7021097850799563,
        2.6943331499660714,
        2.691224899852977,
        2.666054800818948,
        2.6615313232646267,
        2.650707473193898,
        2.6377602296717026,
        2.634611391179702,
        2.6248286510916317,
        2.6154560296675737,
        2.608355952992159,
        2.5995717435724597,
        2.5948169798009535,
        2.581926727294922,
        2.5816032723819506,
        2.565979803309721,
        2.568441884657916,
        2.556013972899493
    ],
    "val_greedy_bleus": [
        0.08950284829054897,
        0.11469949766117353,
        0.10384019539166535,
        0.10621945608311807,
        0.11672690035127233,
        0.12006778533428532,
        0.11474039358800521,
        0.1144685357038863,
        0.12027114452946591,
        0.11174596279986784
    ],
    "val_greedy_meteors": [
        0.2748372403938748,
        0.27659619858749457,
        0.28480417642250333,
        0.2800728280400942,
        0.2745971516614331,
        0.27236333891377174,
        0.2787540201865506,
        0.28261442008894094,
        0.2757975151435005,
        0.2812929641229849
    ],
    "val_greedy_ciders": [
        0.07105533357068385,
        0.08357401182879193,
        0.08535911173702797,
        0.08721581480697532,
        0.09354897336153602,
        0.09669130425176985,
        0.09825771969289888,
        0.1056141484068329,
        0.10754065595611921,
        0.10413022664678474
    ],
    "val_beam_bleus": [
        0.09629331400826538,
        0.10820841037942831,
        0.10543455596238861,
        0.11407662006840422,
        0.11403502655576182,
        0.12559424791084314,
        0.12025546780592769,
        0.11762169272181111,
        0.12433462796640324,
        0.1160843096794677
    ],
    "val_beam_meteors": [
        0.2825405509388469,
        0.28115003877633116,
        0.28693404657192895,
        0.2768981708806611,
        0.2725329104558618,
        0.2715788487508172,
        0.27750139510831184,
        0.28231617069710646,
        0.2767349119898217,
        0.2820025616763719
    ],
    "val_beam_ciders": [
        0.08870910821389909,
        0.09025982826905624,
        0.09358879729663867,
        0.09922339233007882,
        0.10447782479973586,
        0.1149928510487537,
        0.11748004123683167,
        0.12372622665757829,
        0.12095988056727636,
        0.11837282357007264
    ]
}