{
    "train_losses": [
        4.26167571404401,
        3.546852566214169,
        3.3562215485292324,
        3.229632777045755,
        3.1561102171505198,
        3.062707717558917,
        3.0080571836583756,
        2.9653834645888386,
        2.9231966708688173,
        2.897050637076883,
        2.841158503925099,
        2.807656582664041,
        2.7897393007839426,
        2.7651219704571894,
        2.7478345584869386,
        2.703409049090217,
        2.678953213411219,
        2.6659188107883227,
        2.64822891403647,
        2.637930281583001,
        2.607610184164608,
        2.5833651660470403,
        2.573635317858528,
        2.5648189797120935,
        2.5532272978389963,
        2.526500664879294,
        2.5180490763047163,
        2.4986556917078353,
        2.5017756793078254,
        2.4883471186020794,
        2.4666989461113427,
        2.4543943119049074,
        2.444173822963939,
        2.4405280887379366,
        2.4251293563842773,
        2.405000036464018,
        2.406036092533785,
        2.3961842121797448,
        2.3965134199927833,
        2.3901220220677994,
        2.372933042750639,
        2.369713347939884,
        2.3581320414823645,
        2.3531629382862764,
        2.3491057653988108,
        2.343602558584774,
        2.332354233124677,
        2.3371137703166287,
        2.324301284902236,
        2.3217758588229906
    ],
    "val_greedy_bleus": [
        0.15522340064073095,
        0.1660752413010221,
        0.1767284726002525,
        0.17512405615878412,
        0.1691288272894529,
        0.1836815360853609,
        0.18174846339150033,
        0.17695005498996047,
        0.16589087047379658,
        0.1789076165024126
    ],
    "val_greedy_meteors": [
        0.34508927531715466,
        0.3499633547018404,
        0.352816937064631,
        0.3623771944617743,
        0.36278240020118196,
        0.37022339056412534,
        0.3663916290188456,
        0.37097456525719746,
        0.3680088186632545,
        0.3701075646496536
    ],
    "val_greedy_ciders": [
        0.30126899994477685,
        0.32469763835791693,
        0.34250495027682465,
        0.35240868305594064,
        0.34103455034841235,
        0.3673026800157942,
        0.37096338516597666,
        0.37425736419654926,
        0.3450209713529426,
        0.367302101682412
    ],
    "val_beam_bleus": [
        0.18002816537733088,
        0.18545587306248495,
        0.19066378768235548,
        0.1946846264164947,
        0.18770684298303006,
        0.19844867876345798,
        0.2041653236492535,
        0.19503908968971206,
        0.18740218242795728,
        0.1978018743182929
    ],
    "val_beam_meteors": [
        0.3468117538700246,
        0.3516171926530183,
        0.35635676803407573,
        0.3642559554099599,
        0.36590307251354937,
        0.3651079581439412,
        0.37114040170486734,
        0.36898487611213115,
        0.3696007706996031,
        0.37145142488711796
    ],
    "val_beam_ciders": [
        0.3345377850738666,
        0.3519672778013799,
        0.3673142743344783,
        0.3864799355776726,
        0.3815569330149573,
        0.3884654601250437,
        0.4044553423900466,
        0.4044050512278241,
        0.3924864963121763,
        0.4033905208632721
    ]
}