{
    "train_losses": [
        4.234665291969765,
        3.5109347088236205,
        3.3097851254010986,
        3.210571268914451,
        3.116695352563276,
        3.0029723722610115,
        2.957592880222159,
        2.908846190277959,
        2.871110432584521,
        2.836717147782375,
        2.765294802580641,
        2.7323863797344514,
        2.7037662060607768,
        2.6905242568450354,
        2.670222218607513,
        2.6242114691667155,
        2.583801081482793,
        2.5679440106584432,
        2.5487822154318223,
        2.541668183367017,
        2.4990266007436834,
        2.476477817750313,
        2.451202947768807,
        2.444630499736804,
        2.432777833490864,
        2.398264937557525,
        2.3789846482970907,
        2.368664627343836,
        2.3603686256587784,
        2.3433742937347697,
        2.3175966392660365,
        2.3120297288670786,
        2.300712179130232,
        2.2857120025885496,
        2.2770938201689384,
        2.2504825659201178,
        2.241627490576444,
        2.2308861313851227,
        2.227743384983618,
        2.2154490880563227,
        2.196891633557602,
        2.189742472250137,
        2.183705234751455,
        2.177304596408432,
        2.1720062488681275,
        2.1620957526802456,
        2.14518150533309,
        2.1466313035275455,
        2.136945344472715,
        2.132859806499571
    ],
    "val_greedy_bleus": [
        0.15406346236708413,
        0.16495025916588485,
        0.15861311324713948,
        0.17246352504026669,
        0.17039112418253044,
        0.16713548643008805,
        0.1621659844202072,
        0.17635618323673755,
        0.16901942001100742,
        0.17779479786905822
    ],
    "val_greedy_meteors": [
        0.34443767914790335,
        0.3424085353739493,
        0.3592662832648581,
        0.36355806225468723,
        0.3615742396826509,
        0.3673988130483486,
        0.36880871170621027,
        0.3684473210007017,
        0.37187295158805667,
        0.3689343982338358
    ],
    "val_greedy_ciders": [
        0.2984488398265985,
        0.3288847831713521,
        0.320352778603075,
        0.34718981396497683,
        0.3439627372153008,
        0.34957092592643946,
        0.34710749913597755,
        0.3717738959803735,
        0.36532178470929383,
        0.37396180382318694
    ],
    "val_beam_bleus": [
        0.1693501958939615,
        0.18045847810629537,
        0.17629726035245713,
        0.19130555688425133,
        0.19340062753567802,
        0.18636190566830366,
        0.1854785106127225,
        0.19546797888523998,
        0.19554892405114654,
        0.200069173815275
    ],
    "val_beam_meteors": [
        0.3489333140007372,
        0.34451449415560575,
        0.36333508401002074,
        0.367275295918307,
        0.3614019301747223,
        0.3691398428966921,
        0.36864545375731145,
        0.367834138356658,
        0.37437133500372727,
        0.3702442450751298
    ],
    "val_beam_ciders": [
        0.32123922526481385,
        0.34840771690632993,
        0.36294136051609266,
        0.3766740937177566,
        0.37370962899848825,
        0.38392873757729634,
        0.38694176235713645,
        0.4008765500980187,
        0.408683442169322,
        0.4073955321161679
    ]
}