{
    "train_losses": [
        4.465334413752836,
        3.6568402037901038,
        3.427340299381929,
        3.2940151741925408,
        3.196771608801449,
        3.1041716491474824,
        3.0438445534425624,
        2.9974581578198602,
        2.9594081250359032,
        2.936744334276985,
        2.8830036056742947,
        2.8487912009744085,
        2.820423121171839,
        2.8007157118180217,
        2.784061513227575,
        2.7450873425427607,
        2.7396783598731544,
        2.714331251593197,
        2.690856599807739,
        2.6812642473333024,
        2.6544353053149057,
        2.6364255271238437,
        2.6324921765046962,
        2.619083839865292,
        2.6130742527456845,
        2.5810407846114214,
        2.580560832865098,
        2.565871975842644,
        2.5579605001561783,
        2.5469884754629697,
        2.535773169012631,
        2.520750217998729,
        2.5127218482073617,
        2.5128027534484865,
        2.509311850491692,
        2.494839252023136,
        2.485722052069271,
        2.480434541141286,
        2.4718645297779758,
        2.4684008256126853,
        2.4564051521525663,
        2.4532291002834543,
        2.4431262739966897,
        2.445460865357343,
        2.436135862013873,
        2.427173544378842,
        2.418984619589413,
        2.4161748224146224,
        2.4198331400927375,
        2.413247117435231
    ],
    "val_greedy_bleus": [
        0.1481073982562376,
        0.1658926707819928,
        0.16466994785801586,
        0.17039116745181024,
        0.1773972743414317,
        0.17766574869163543,
        0.17022446468504482,
        0.17251282045170954,
        0.17096763919069569,
        0.17617676498077384
    ],
    "val_greedy_meteors": [
        0.345677959213192,
        0.36039950174163593,
        0.3655392274780826,
        0.35659852166057643,
        0.36690800969445897,
        0.3650370098611754,
        0.37207122290377576,
        0.3670095288841502,
        0.3689742230664283,
        0.36787618208798534
    ],
    "val_greedy_ciders": [
        0.2921782726321502,
        0.3147564473691161,
        0.34293663576301453,
        0.354041904364213,
        0.37002525989199114,
        0.37748313801194244,
        0.3586015357485456,
        0.35874427094230044,
        0.3580585949592942,
        0.3734197736056823
    ],
    "val_beam_bleus": [
        0.17483147940983654,
        0.18487231075041546,
        0.18537816731008805,
        0.19584874711657208,
        0.19578408445656678,
        0.20106298515962256,
        0.19205365149148274,
        0.19513999754836142,
        0.19531242522666106,
        0.19752090948593945
    ],
    "val_beam_meteors": [
        0.35576341806619194,
        0.36074206224618466,
        0.3666159183455457,
        0.3645779882617444,
        0.3626497787450491,
        0.36795977833436916,
        0.37320080904631436,
        0.3676155957699813,
        0.3699151500384414,
        0.3695640783747714
    ],
    "val_beam_ciders": [
        0.33564620249663507,
        0.34979597264713364,
        0.3814425769568746,
        0.3910065894029069,
        0.3896087695913938,
        0.4078210633827479,
        0.3971176410158053,
        0.39707418383186366,
        0.398680826897272,
        0.40922054739569624
    ]
}