{
    "train_losses": [
        4.053219897326301,
        3.4974514035617603,
        3.338518731734332,
        3.2555696666941922,
        3.1928294120115392,
        3.0840246015436508,
        3.0339963497835045,
        3.0041659085890826,
        2.959618666592766,
        2.930666728861192,
        2.8688190106784597,
        2.826972955815932,
        2.8041451925389906,
        2.790935879314647,
        2.7685867001028623,
        2.7181088705623853,
        2.689395061941708,
        2.6692859071843764,
        2.655192710652071,
        2.637237663269043,
        2.583143638162052,
        2.5744148461958942,
        2.550985180910896,
        2.539158546784345,
        2.5193542609495276,
        2.495953421873205,
        2.472147117502549,
        2.463153849770041,
        2.4481626577938305,
        2.430050187952378,
        2.3990378503238454,
        2.3904306557599235,
        2.381996971579159,
        2.365203348608578,
        2.366770782470703,
        2.337266703773947,
        2.3220894089867086,
        2.3055355548858643,
        2.3056420113058653,
        2.30040548212388,
        2.2773971568836884,
        2.2672018427007337,
        2.2630589642244225,
        2.251084654751946,
        2.2430539680929744,
        2.2287436207603006,
        2.2196642931769874,
        2.218208843119004,
        2.2048042577855727,
        2.2076736697028667
    ],
    "val_greedy_bleus": [
        0.1892638111082911,
        0.16746657254081312,
        0.18746740720260494,
        0.20216187325080187,
        0.20086021557223216,
        0.2013312807240795,
        0.18519287292898706,
        0.2021787001321029,
        0.1959695470190234,
        0.1938453193856201
    ],
    "val_greedy_meteors": [
        0.3527777554060775,
        0.36442078172802644,
        0.3725457570259422,
        0.3752844057262478,
        0.378445843057268,
        0.3817745382123231,
        0.38201001705611193,
        0.38270180233726875,
        0.38430547046850116,
        0.3837620432698869
    ],
    "val_greedy_ciders": [
        0.3475087537422381,
        0.33852724395909506,
        0.3821856429476776,
        0.4052380374099437,
        0.40847112600904656,
        0.4213550310678547,
        0.3874696775133531,
        0.4289633482656824,
        0.40963176941386065,
        0.41902406125353664
    ],
    "val_beam_bleus": [
        0.1998239192807174,
        0.18520874619114244,
        0.20473922193076877,
        0.2195157695265684,
        0.21796038093728393,
        0.22041803640846463,
        0.2058923142325729,
        0.2218147724406756,
        0.22385589127573602,
        0.21605075405803273
    ],
    "val_beam_meteors": [
        0.35214905570041494,
        0.3682998277303458,
        0.37477591426527307,
        0.37494873559330577,
        0.38000560799765926,
        0.3788772133667623,
        0.38213699827984265,
        0.3867555967605507,
        0.386827892987557,
        0.384989524844079
    ],
    "val_beam_ciders": [
        0.36061613596007536,
        0.3682310879834106,
        0.4107464155055677,
        0.4295393431545552,
        0.43384834353371676,
        0.4386816668648001,
        0.41642419823744103,
        0.4545378375143676,
        0.4478822986023851,
        0.4491264732350819
    ]
}