{
    "train_losses": [
        4.247764829186832,
        3.5626268947825714,
        3.368346707400154,
        3.242456807529225,
        3.169324186549467,
        3.0572424686656277,
        3.014468583499684,
        2.965947317796595,
        2.935223237766939,
        2.897140832788804,
        2.8455204526115865,
        2.8101354498021744,
        2.7824401883517993,
        2.763337485930499,
        2.7388090851727656,
        2.7015046933118034,
        2.6784902740927303,
        2.6656505483739514,
        2.6560963294085336,
        2.634317076626946,
        2.603229715683881,
        2.5855141634099623,
        2.5784591175528133,
        2.5662371719584747,
        2.5514078791001262,
        2.5280761421428006,
        2.5192539714364446,
        2.501926492242252,
        2.494194210276884,
        2.4881096105014575,
        2.466463400335873,
        2.4536801164290485,
        2.4451698308832506,
        2.4407844016131235,
        2.4333188337438245,
        2.4144303198421704,
        2.4118891962836773,
        2.402398852741017,
        2.393143643771901,
        2.3905530385410083,
        2.3856521230585437,
        2.3718288387971764,
        2.3683017904618207,
        2.3532982225979078,
        2.348813139971565,
        2.343896688012516,
        2.3421106697531306,
        2.332535432927749,
        2.3296477373908546,
        2.3329128770267262
    ],
    "val_greedy_bleus": [
        0.17260003329979892,
        0.17686860481376077,
        0.16734943628922763,
        0.17639202008470134,
        0.1762109572606065,
        0.1760589752603111,
        0.18494889007539986,
        0.18261447406399364,
        0.18437695850906313,
        0.17986558305023045
    ],
    "val_greedy_meteors": [
        0.34408933791068713,
        0.35203089693790846,
        0.3579789725441087,
        0.3653642333912857,
        0.36678977926991596,
        0.37355757136259415,
        0.36516956834869063,
        0.36589543396288243,
        0.36656663070105505,
        0.36783850856140365
    ],
    "val_greedy_ciders": [
        0.3185754085379863,
        0.32987018497047177,
        0.34139675015031623,
        0.35120900994995374,
        0.36178155517118543,
        0.36205814242291745,
        0.38270298357788124,
        0.3770939764196338,
        0.37991962592933753,
        0.3701606007398911
    ],
    "val_beam_bleus": [
        0.18997335732885642,
        0.19309378165298505,
        0.18690787799503872,
        0.19183920800998314,
        0.1958825485020124,
        0.19337423914704163,
        0.2011302122908732,
        0.20152507467860042,
        0.2039322397728411,
        0.19626113571198103
    ],
    "val_beam_meteors": [
        0.3496225546109822,
        0.34924592678222666,
        0.36345405861228974,
        0.36421967749577616,
        0.368648554685293,
        0.3712428969827959,
        0.3640231931538057,
        0.3654188684994183,
        0.3645154653068083,
        0.3646255677217546
    ],
    "val_beam_ciders": [
        0.33962812632462147,
        0.3558328082244621,
        0.3748426167923185,
        0.38552618424907203,
        0.3872434421816345,
        0.3899402386492271,
        0.3989663618571958,
        0.40681527810110857,
        0.3994276978877515,
        0.3899424811562174
    ]
}