{
    "train_losses": [
        4.520501103199703,
        3.6591177479202197,
        3.430528583660932,
        3.2902783575192305,
        3.204812785269509,
        3.107021661991245,
        3.0640754050492123,
        3.011305295245748,
        2.9802821734701523,
        2.9431787678893184,
        2.9013409301148894,
        2.871583452806786,
        2.8468755131036465,
        2.8277398801185716,
        2.7990795133259376,
        2.77312596191263,
        2.7535099692187956,
        2.738457768176083,
        2.720244808376115,
        2.7074327737512722,
        2.6805848325362227,
        2.664362666752417,
        2.65591458871331,
        2.656071980794271,
        2.632446998721557,
        2.618208755349889,
        2.607577614940948,
        2.5930055463817756,
        2.5878131300071034,
        2.584053075369535,
        2.568147293278869,
        2.557604131564288,
        2.5551327517334843,
        2.543725925991793,
        2.5360255476454614,
        2.52775870802257,
        2.5175068378448486,
        2.5094842530192345,
        2.510089877625586,
        2.502439558226178,
        2.4944183624966043,
        2.4961128917658275,
        2.4862172793894306,
        2.480561118730357,
        2.47810955562502,
        2.464241596454746,
        2.4703368099642473,
        2.4615464859725162,
        2.458443160348095,
        2.461571835576089
    ],
    "val_greedy_bleus": [
        0.14588683568373026,
        0.16356479245459654,
        0.16782440511471622,
        0.17778491100290839,
        0.16369504937775858,
        0.17292572015928026,
        0.17527294081448497,
        0.17572960467921628,
        0.1781894850690101,
        0.17400777180848886
    ],
    "val_greedy_meteors": [
        0.34033509183516364,
        0.35271713404725713,
        0.3583665458445137,
        0.3609332172533034,
        0.366841617218144,
        0.3606744311200879,
        0.36633982140994525,
        0.3670203641729015,
        0.36463523219737454,
        0.37004695471747984
    ],
    "val_greedy_ciders": [
        0.2776554898342953,
        0.3343564918558517,
        0.3421295403548546,
        0.34108421333324707,
        0.330560988111566,
        0.3501851503731457,
        0.3615788981725078,
        0.36717132741590597,
        0.3666652100485206,
        0.35904069214308754
    ],
    "val_beam_bleus": [
        0.16535963272014295,
        0.19072208611605757,
        0.1880375824478141,
        0.18941193096573844,
        0.1809923358481297,
        0.19294873085817224,
        0.19480627175113246,
        0.1956700481405858,
        0.19609064452826536,
        0.19378441496193263
    ],
    "val_beam_meteors": [
        0.3454235246657286,
        0.35693677823301473,
        0.35659517932467516,
        0.3628663153992536,
        0.36529843026812325,
        0.36681638029028624,
        0.3646835516922996,
        0.36680602620309744,
        0.3658874661170811,
        0.37069305779360007
    ],
    "val_beam_ciders": [
        0.3055111456158041,
        0.36455827755643583,
        0.37143332364646886,
        0.36942427515196435,
        0.36546527228209763,
        0.3893592386708049,
        0.3931259113042188,
        0.3994223390691233,
        0.38841484237424456,
        0.3965260152683993
    ]
}