{
    "train_losses": [
        4.608720739589018,
        3.7895671479842243,
        3.5647036159739773,
        3.426099552266738,
        3.3325082638684442,
        3.2466129196391385,
        3.1935456427405864,
        3.1529869685453527,
        3.1143360351113714,
        3.0811590452755198,
        3.042611930510577,
        3.015300043891458,
        2.988954709557926,
        2.972731069677016,
        2.9532344184202306,
        2.916311733021456,
        2.9045481603285848,
        2.8851288470099954,
        2.88419979095459,
        2.866453768225277,
        2.8417601052452537,
        2.8331621489805334,
        2.82138728871065,
        2.8132753865859086,
        2.8082366780673755,
        2.7833768625820383,
        2.7798309017630185,
        2.7679914008869844,
        2.766197514814489,
        2.7500908475763657,
        2.7460281411339253,
        2.7347767055735868,
        2.7332862624000103,
        2.729586264666389,
        2.718640053692986,
        2.711162236157586,
        2.7098467871722054,
        2.7028971829133877,
        2.7008682279025806,
        2.6891617640327006,
        2.68630145072937,
        2.6841463975345388,
        2.6770089429967543,
        2.6743360687704647,
        2.6735371959910674,
        2.656005370196174,
        2.6657856935613298,
        2.6522564226038314,
        2.653725904015934,
        2.6556541700924146
    ],
    "val_greedy_bleus": [
        0.15495939312212498,
        0.1616248373595445,
        0.16268015354519755,
        0.18453906720916607,
        0.17691336828496648,
        0.18100691999689184,
        0.1864258028003046,
        0.18903101960126764,
        0.18572564878013945,
        0.1838510079981363
    ],
    "val_greedy_meteors": [
        0.3399026384516621,
        0.35350714074758216,
        0.3609840106752885,
        0.3574807231236065,
        0.3642837939465985,
        0.365901564567959,
        0.3612515686700361,
        0.3647071151933764,
        0.3665421759204847,
        0.36507251769947047
    ],
    "val_greedy_ciders": [
        0.2861142013125744,
        0.31257466550032614,
        0.32499320055452546,
        0.3605201526503966,
        0.3539874935120682,
        0.3602847726470143,
        0.3745251690408587,
        0.3778044739988525,
        0.3791769682891257,
        0.3781535692254245
    ],
    "val_beam_bleus": [
        0.17411640252417043,
        0.1730747965115435,
        0.17673648245564696,
        0.1969946868427917,
        0.19713524678376076,
        0.20066778052663697,
        0.20729407997480478,
        0.20768395612093046,
        0.209167303335359,
        0.20512968365793088
    ],
    "val_beam_meteors": [
        0.3494539670922139,
        0.3558393389025096,
        0.36157423504685904,
        0.35977133176771164,
        0.3664013891329957,
        0.36902862991847535,
        0.36469091104033835,
        0.3694350695205976,
        0.36957606115516933,
        0.36931631830424955
    ],
    "val_beam_ciders": [
        0.31569521443096665,
        0.3349251593623856,
        0.34829213648958923,
        0.37654013778366174,
        0.3866634135311256,
        0.3919619173751927,
        0.40398013285517087,
        0.40564211761359187,
        0.4098519410658522,
        0.4029389259426488
    ]
}