{
    "train_losses": [
        3.5354677587977887,
        2.922599179114588,
        2.7813596563324494,
        2.6991447116344753,
        2.640024884222464,
        2.588190546175796,
        2.5434438097053187,
        2.5204257466693565,
        2.503466975007212,
        2.474972549324979,
        2.4442539375384773,
        2.427757389394356,
        2.413278741851288,
        2.3969141535080936,
        2.387427202885081,
        2.3676509070433274,
        2.353978894409109,
        2.3487294309843083,
        2.3344227660568273,
        2.32973249894574,
        2.3133987702394747,
        2.3050925713234007,
        2.295753566061695,
        2.2920336578691947,
        2.284812180207354,
        2.272647940393946,
        2.2666589691428904,
        2.263384823913368,
        2.2569524285598,
        2.2499043972820183,
        2.237767577079201,
        2.2366544787629494,
        2.232808771052353,
        2.228581809094737,
        2.225633420291971,
        2.217695569328768,
        2.211943152238265,
        2.2090435066768523,
        2.20656183974636,
        2.2048594365716903,
        2.1991986530088754,
        2.1891714084830127,
        2.190701941065663,
        2.1918995562808408,
        2.1882862755467385,
        2.182444490826296,
        2.180724625885947,
        2.180118101918163,
        2.17617611179396,
        2.1749221215476577
    ],
    "val_greedy_bleus": [
        0.24598575276771728,
        0.26194059444360235,
        0.26781832151112217,
        0.2673914772893141,
        0.26851656763353526,
        0.2743007303744006,
        0.27837870755387406,
        0.27595721528388617,
        0.2754065694762832,
        0.2779352949371713
    ],
    "val_greedy_meteors": [
        0.43340568055958495,
        0.4416154865603287,
        0.4458232352540088,
        0.4493852100033176,
        0.45235146155713774,
        0.4570002340723489,
        0.46154495716575855,
        0.45790822162412564,
        0.45941424833506855,
        0.46020589561286857
    ],
    "val_greedy_ciders": [
        0.7684516440831735,
        0.8194902769954734,
        0.83735829179604,
        0.844191077625115,
        0.850540717710752,
        0.8662211018781472,
        0.8819606453174995,
        0.8764893821456958,
        0.8803475403838014,
        0.8834639034314472
    ],
    "val_beam_bleus": [
        0.27430628477714136,
        0.29304942283308516,
        0.29728243683153177,
        0.3004272160751404,
        0.30008492874172504,
        0.3094432614496273,
        0.30567455919787284,
        0.3066802107769575,
        0.3063380544841098,
        0.3059368301823048
    ],
    "val_beam_meteors": [
        0.44071145454450705,
        0.45139463044760847,
        0.4569183043387522,
        0.4591320314842166,
        0.46241061558308816,
        0.46610660303224644,
        0.46861954894020513,
        0.46760662437877093,
        0.4683270999019351,
        0.4685034662692038
    ],
    "val_beam_ciders": [
        0.8243620697246163,
        0.8680440470334926,
        0.8858004303216073,
        0.8929908963807576,
        0.9023726206670862,
        0.9174978157951352,
        0.9199806777906366,
        0.9242189276954609,
        0.9261979789886867,
        0.924040409882051
    ]
}