{
    "train_losses": [
        4.282340156891767,
        3.7678534288967356,
        3.622784896738389,
        3.54002337511848,
        3.4873315334320067,
        3.3920544815063476,
        3.353634200376623,
        3.3155867413913502,
        3.29307946990518,
        3.2684177841859707,
        3.2104987767163444,
        3.172827636494356,
        3.1611689158046947,
        3.144927827610689,
        3.1324527488035314,
        3.0761716870700613,
        3.0502170854456283,
        3.0414526860854205,
        3.030588988696828,
        3.0155394178278305,
        2.9794868401920094,
        2.9601133430705353,
        2.945848830166985,
        2.9383028821384207,
        2.9270080297133503,
        2.896865763383753,
        2.8785440714219037,
        2.869257525275735,
        2.8561133816662956,
        2.8400055874095242,
        2.821751433540793,
        2.804953139810001,
        2.806313414854162,
        2.7864418815164007,
        2.777104834949269,
        2.7551795224582447,
        2.747455240137437,
        2.7339182887357825,
        2.7257103381437413,
        2.718546798930449,
        2.708549415363985,
        2.6977620854097255,
        2.687982926088221,
        2.680437737072215,
        2.6784068343218634,
        2.6597474597482123,
        2.650857853608973,
        2.6512837780223175,
        2.6418711892296285,
        2.635447233985452
    ],
    "val_greedy_bleus": [
        0.08346423534194417,
        0.09281109248798955,
        0.11090186967499308,
        0.11157163801881492,
        0.10376584508892048,
        0.12385645233426573,
        0.10681270056508689,
        0.11110548328024744,
        0.11951751170275969,
        0.11128797941924526
    ],
    "val_greedy_meteors": [
        0.26278674538939645,
        0.267941151169814,
        0.2681785677285705,
        0.27093714266805574,
        0.2693449744263199,
        0.2760315003434816,
        0.2772890188220409,
        0.2835283700528584,
        0.2787494763118073,
        0.27906341316418726
    ],
    "val_greedy_ciders": [
        0.06633648665358635,
        0.07968059128266791,
        0.088251360929965,
        0.09630330050524918,
        0.09298592528799204,
        0.10384019794618357,
        0.10178338800443355,
        0.1010600465005322,
        0.10222925553508465,
        0.10414570539941227
    ],
    "val_beam_bleus": [
        0.09786246464168852,
        0.09505968251684584,
        0.11615582209917065,
        0.1007981886610274,
        0.10285409248363844,
        0.11702791699454594,
        0.10799155044979108,
        0.11625567201268457,
        0.12207548663724799,
        0.11718168168086483
    ],
    "val_beam_meteors": [
        0.26735084717484453,
        0.2681289076230028,
        0.2675506983944597,
        0.2780395649135365,
        0.27407626564937415,
        0.2828703298378159,
        0.2772177693298229,
        0.2851715473716237,
        0.281090409017602,
        0.28188725404567
    ],
    "val_beam_ciders": [
        0.0875644170433835,
        0.08102334509310442,
        0.09468711499050769,
        0.10044225749011666,
        0.09407499729610748,
        0.11228484479942301,
        0.11493683936017282,
        0.11548708776251872,
        0.11374677464326413,
        0.11773067703855448
    ]
}