{
    "train_losses": [
        3.2899352518447214,
        2.8056819824015338,
        2.681810053644077,
        2.6157908894731974,
        2.5598450197134355,
        2.4994073015460643,
        2.456615039148876,
        2.433945187645312,
        2.412265462429483,
        2.389514224053903,
        2.347677819879936,
        2.3244985885561156,
        2.3101637012438943,
        2.2978085377116844,
        2.285232666747463,
        2.255441392591969,
        2.236492801578557,
        2.2253193596415395,
        2.215196335610503,
        2.204952833733566,
        2.1794539023035275,
        2.1683706912043657,
        2.1606254857695637,
        2.1538283151489503,
        2.1428511373042323,
        2.129081823818466,
        2.1174272213136947,
        2.1116132555641753,
        2.103522041481466,
        2.0972681730018334,
        2.083750879654007,
        2.0713286491965954,
        2.06822861346432,
        2.0634599771160613,
        2.056167152233802,
        2.0485866879569326,
        2.042728905976279,
        2.0330141331349862,
        2.0337015324066376,
        2.028631585550824,
        2.0194721230215045,
        2.0132358733800686,
        2.0063519634456135,
        2.0068611638991873,
        2.005328340176637,
        1.988517801581063,
        1.993619841991289,
        1.9845655357819252,
        1.982926195703297,
        1.9814325794923067
    ],
    "val_greedy_bleus": [
        0.25363771525682444,
        0.26088826650918434,
        0.2736266515999727,
        0.27487770597796224,
        0.2758160176449082,
        0.27788099274339767,
        0.2776897977335329,
        0.27982478092090984,
        0.2814486086030534,
        0.2794228239668512
    ],
    "val_greedy_meteors": [
        0.43515480092774605,
        0.44379001475824215,
        0.45466424997984056,
        0.45818282859342924,
        0.45904790712971016,
        0.46289468403128897,
        0.46024171279949,
        0.4624304056520885,
        0.4643346461917542,
        0.4618791080836061
    ],
    "val_greedy_ciders": [
        0.7809951907267443,
        0.8176121596370279,
        0.8573705117867015,
        0.8679917283777144,
        0.873916604728085,
        0.8789424687604404,
        0.8825075061686912,
        0.8895543115764821,
        0.8932233015010397,
        0.8870409296263696
    ],
    "val_beam_bleus": [
        0.2830147000144557,
        0.29175993659911054,
        0.29866717330732057,
        0.30047774293112717,
        0.30375957293592915,
        0.3022440266569967,
        0.30769430552425564,
        0.3074713977069788,
        0.30843616016087166,
        0.30628119958858463
    ],
    "val_beam_meteors": [
        0.4444097899932483,
        0.4531745211774124,
        0.46131679101129935,
        0.46589905086122546,
        0.46782036717513215,
        0.46860930128784045,
        0.47135157897384944,
        0.47217708558363275,
        0.4722468154510395,
        0.47014509818195704
    ],
    "val_beam_ciders": [
        0.8373725512678778,
        0.8668308292197748,
        0.8919539421752217,
        0.9056030642800644,
        0.9139548646321143,
        0.9143207352442216,
        0.9290673056580859,
        0.933343527067359,
        0.933757164776586,
        0.9285196795950038
    ]
}