{
    "train_losses": [
        3.350775413387894,
        2.8576404265310886,
        2.7396659803169405,
        2.6638499527847195,
        2.6121499540264126,
        2.546357362495139,
        2.520773289376838,
        2.4890010994405616,
        2.4688446956587353,
        2.4564539522070787,
        2.414093995665472,
        2.400214826305277,
        2.388782202921105,
        2.3732564247557333,
        2.360542761947862,
        2.334730700694796,
        2.3276903832898443,
        2.318340360473444,
        2.310221116085878,
        2.306733974809809,
        2.2827104284000543,
        2.276238943270222,
        2.264367612841693,
        2.2615753944727146,
        2.265212599884782,
        2.2413231993016356,
        2.233083614426013,
        2.2348366719677792,
        2.223760298451832,
        2.224455053784195,
        2.2080902327341496,
        2.1999899882253207,
        2.1998231249762097,
        2.1907802051886156,
        2.189733570289022,
        2.1789391433252985,
        2.1784742781331032,
        2.1718513368638996,
        2.171800193314943,
        2.16956707627917,
        2.164987134325449,
        2.1570401386094424,
        2.1577051973785095,
        2.1497614510829517,
        2.1461944440048666,
        2.1440482317387968,
        2.1385288805091953,
        2.138118273047428,
        2.134284796080965,
        2.137651547305919
    ],
    "val_greedy_bleus": [
        0.22215019435963995,
        0.2377725584251382,
        0.24212268836589473,
        0.2367043622467765,
        0.25338482846397403,
        0.2497089451803573,
        0.25371914652522404,
        0.2561043097436153,
        0.25557136764324906,
        0.25532616733571595
    ],
    "val_greedy_meteors": [
        0.41493238781587477,
        0.4232115524639717,
        0.43285432860051587,
        0.43271831037099256,
        0.4409625007278006,
        0.4409482618246403,
        0.44212933213792127,
        0.4431085952842617,
        0.44454394249373963,
        0.44375301911727505
    ],
    "val_greedy_ciders": [
        0.7142273061140039,
        0.7491469138099535,
        0.7756748434136549,
        0.7674651152915586,
        0.8013938091502447,
        0.8026891709754748,
        0.8069926085672416,
        0.8134607429961912,
        0.8155993166838383,
        0.8196194550519444
    ],
    "val_beam_bleus": [
        0.2506491526847593,
        0.2718974858168974,
        0.27292193563824363,
        0.26676319302107526,
        0.283464450112016,
        0.2801646060495875,
        0.2791487881362902,
        0.282400725289437,
        0.2817821473377255,
        0.28346656046196
    ],
    "val_beam_meteors": [
        0.42094580186395675,
        0.4378617561332287,
        0.43993510031075084,
        0.44377994465485826,
        0.45076888584575237,
        0.4501959991850208,
        0.4506714103665499,
        0.4512407129945694,
        0.4518464555083694,
        0.45213412603417824
    ],
    "val_beam_ciders": [
        0.7568206437321724,
        0.8100702839780805,
        0.8234397530179742,
        0.8244348702958563,
        0.8487912497949313,
        0.8481181970051972,
        0.8470337172828996,
        0.8508782663655244,
        0.8557749819060853,
        0.8605778559058199
    ]
}