{
    "train_losses": [
        4.244319386201746,
        3.532998992695528,
        3.334049643348245,
        3.211251834420597,
        3.12094487695133,
        3.036438721488504,
        2.96991065530216,
        2.9292237960591034,
        2.8880943242241353,
        2.852192518009859,
        2.7964198443468877,
        2.774722007302677,
        2.7493946165197034,
        2.720421335556928,
        2.708204999811509,
        2.661020544276518,
        2.643528591604794,
        2.6267341955970314,
        2.615231786615708,
        2.604305820465088,
        2.567999723658842,
        2.5445685207142548,
        2.5456144742404714,
        2.5256145241681267,
        2.5117842747183405,
        2.486986012178309,
        2.474677962695851,
        2.4695513298932243,
        2.461131337109734,
        2.448290168537813,
        2.4223747477811925,
        2.4190213792464315,
        2.40809494972229,
        2.40006498336792,
        2.3912300401575424,
        2.379187739316155,
        2.366802245869356,
        2.360910562627456,
        2.3575471159991097,
        2.3430944554946,
        2.331730910469504,
        2.3277472327737248,
        2.3205419024299174,
        2.314544304679422,
        2.3086097335815428,
        2.306588310353896,
        2.295982648625093,
        2.2929101831772747,
        2.2954813895506017,
        2.2885910196865304
    ],
    "val_greedy_bleus": [
        0.17323637449058926,
        0.17876301439960565,
        0.20271757573586985,
        0.1901493041884351,
        0.18472013594702125,
        0.1917314143979019,
        0.19017792420846036,
        0.1972723769943324,
        0.20361755216026076,
        0.1989553972929502
    ],
    "val_greedy_meteors": [
        0.35294439848112746,
        0.37065531235948884,
        0.3742441684099866,
        0.3793216937236818,
        0.3756920407498058,
        0.3791064425363023,
        0.38394049542839714,
        0.38610867070770205,
        0.3842233351034675,
        0.38308406303755244
    ],
    "val_greedy_ciders": [
        0.34442964121251024,
        0.3772972011083364,
        0.4098217532520429,
        0.3938731057035534,
        0.3844801665492649,
        0.40215333453466984,
        0.3953144506548258,
        0.41898346866234326,
        0.42459483141367776,
        0.42753589454586266
    ],
    "val_beam_bleus": [
        0.19233715723381214,
        0.20138419792091208,
        0.21712368431717652,
        0.21455099567021216,
        0.21076721663426776,
        0.21309672152514755,
        0.213688355496306,
        0.21579588646106126,
        0.2210810871602794,
        0.21682242224374174
    ],
    "val_beam_meteors": [
        0.35372533728105415,
        0.371588625900144,
        0.37230416008994044,
        0.38317366768474265,
        0.38378091428641037,
        0.3800457137657458,
        0.3848726252245077,
        0.38901827436786596,
        0.3867040981950701,
        0.3868932011407222
    ],
    "val_beam_ciders": [
        0.3636987157523223,
        0.3997119449265539,
        0.4271607765242944,
        0.4346322521504176,
        0.43845018793925866,
        0.4369950389694567,
        0.43511827314803153,
        0.45005333750092685,
        0.4566492999793279,
        0.45524459684100277
    ]
}