{
    "train_losses": [
        4.18372600331026,
        3.4767365051718317,
        3.2755371065700754,
        3.1603254682877484,
        3.0675236320495607,
        2.962545197991764,
        2.92000205152175,
        2.8658406358606676,
        2.8395103039461023,
        2.7946207388709574,
        2.7328838746687945,
        2.6979707729115208,
        2.667346309774062,
        2.6514609033921186,
        2.62806573082419,
        2.5915099587159998,
        2.5589811055800493,
        2.5489499125761146,
        2.531381203146542,
        2.5163736377042882,
        2.478270438699161,
        2.4585340999154486,
        2.4455687360202565,
        2.431895236968994,
        2.4250988590016083,
        2.3905321957083308,
        2.373274503034704,
        2.3692136209151324,
        2.3545235661899344,
        2.352121265635771,
        2.332900583603803,
        2.3125971653882194,
        2.306139400706572,
        2.2997698761435115,
        2.287299363753375,
        2.267314296329723,
        2.2605968528635363,
        2.251230058109059,
        2.2425924259073593,
        2.238451150445377,
        2.226351853538962,
        2.2189294189565323,
        2.212647434122422,
        2.2030022054560043,
        2.2039529340407427,
        2.1882129141863653,
        2.1783780827241785,
        2.176107135099523,
        2.1664078126234165,
        2.169963045120239
    ],
    "val_greedy_bleus": [
        0.13822602814569754,
        0.18743709517777585,
        0.1829850501112498,
        0.17626449431994004,
        0.19035140597012962,
        0.19077947554196367,
        0.19394294496240264,
        0.1906538889078015,
        0.18652369959780524,
        0.194409471577329
    ],
    "val_greedy_meteors": [
        0.3452995163043371,
        0.3626364578350733,
        0.37208885339187925,
        0.36731448847524223,
        0.37428963982765595,
        0.3793834869774978,
        0.3856652648980896,
        0.37532995165886734,
        0.3828916643678309,
        0.3788671326777275
    ],
    "val_greedy_ciders": [
        0.3010144997173825,
        0.36963734365090234,
        0.3700412909888417,
        0.3612824217581708,
        0.3994676559218476,
        0.3939254654589243,
        0.42147065573146725,
        0.40288010400954005,
        0.40820327399073913,
        0.4119032888150745
    ],
    "val_beam_bleus": [
        0.17148358770269073,
        0.20194441868740812,
        0.20615430589138273,
        0.19775529751437496,
        0.21564315785908347,
        0.21507030004928715,
        0.20919583981495543,
        0.21228296824225154,
        0.2111480689325225,
        0.2190497889522122
    ],
    "val_beam_meteors": [
        0.3571147197438446,
        0.36372836089309357,
        0.377173360942388,
        0.37552833794010687,
        0.3792189168831677,
        0.3820106809431002,
        0.3830340987681124,
        0.37796477204332424,
        0.3839792943653857,
        0.38431260258955696
    ],
    "val_beam_ciders": [
        0.34675821062550416,
        0.38775283952656947,
        0.41490152067957553,
        0.40944456522466666,
        0.43541537868625363,
        0.434650126586035,
        0.4458586742203465,
        0.4376968826369987,
        0.4465544199586403,
        0.4537397484792434
    ]
}