{
    "train_losses": [
        4.166194543838501,
        3.4805013987597295,
        3.272492483363432,
        3.1596599685444553,
        3.071792759053847,
        2.9584797073813047,
        2.9011007645550895,
        2.860262404049144,
        2.815948043711045,
        2.779074032166425,
        2.713151164896348,
        2.6772548686756807,
        2.650211617525886,
        2.6268112552867215,
        2.6032919524697697,
        2.5569597255482392,
        2.5191602381537943,
        2.5013481639413273,
        2.4825220231448903,
        2.467976001851699,
        2.4309417567533607,
        2.4056711034213794,
        2.3920748542336856,
        2.3672909770292394,
        2.3655255704767564,
        2.327169923221364,
        2.307666829333586,
        2.296084211573881,
        2.2780611021378463,
        2.268079284219181,
        2.2424677327099967,
        2.225402296290678,
        2.21343130532433,
        2.2004501247406005,
        2.199106176320244,
        2.1756935035481173,
        2.160223033287946,
        2.1559873384587904,
        2.1383715180789724,
        2.1285999651516185,
        2.1207157039642333,
        2.103561299828922,
        2.094846597559312,
        2.0989853508332197,
        2.0814963758693024,
        2.074316028707168,
        2.0613866146873026,
        2.0513474812227135,
        2.043893182417926,
        2.0395546082889333
    ],
    "val_greedy_bleus": [
        0.18230497336175408,
        0.17698724489086828,
        0.1681547007015382,
        0.18224165644568155,
        0.19789409249471537,
        0.19658484346298294,
        0.1894721210923615,
        0.1927434865158995,
        0.190806429261894,
        0.19284372802415783
    ],
    "val_greedy_meteors": [
        0.35823194978128103,
        0.35474038747894737,
        0.36331766625224277,
        0.3705916989174412,
        0.3791041916752692,
        0.37474623376582855,
        0.37703780565384937,
        0.38405409834133963,
        0.38240406302868557,
        0.38247459022270414
    ],
    "val_greedy_ciders": [
        0.3537173444710421,
        0.3581472228473713,
        0.3682206252439437,
        0.3924025758964776,
        0.4077055094582593,
        0.40915700435402536,
        0.40347988879511204,
        0.40907109957137516,
        0.4198946694840672,
        0.41553533742055415
    ],
    "val_beam_bleus": [
        0.1986181357856997,
        0.196164087850578,
        0.18499855865623746,
        0.20591013320371399,
        0.21564404212174726,
        0.21466391598214396,
        0.20962309216711067,
        0.21254579660587358,
        0.214300282216248,
        0.21690074490858527
    ],
    "val_beam_meteors": [
        0.36297111126669857,
        0.36534423156860557,
        0.3666258388123899,
        0.37803355811128836,
        0.3787991675814298,
        0.37785957910774437,
        0.38051897797480366,
        0.38364656531459335,
        0.38296554941784366,
        0.3854958202479483
    ],
    "val_beam_ciders": [
        0.3854693933667671,
        0.39408975981962685,
        0.3944561459694381,
        0.4291111424308622,
        0.43288786608227503,
        0.43037420682351724,
        0.439092213337338,
        0.4408501672872577,
        0.4497970544110734,
        0.45611365187175446
    ]
}