{
    "train_losses": [
        5.536594390869141,
        5.207860231399536,
        4.44667387008667,
        3.9193021059036255,
        3.8844774961471558,
        3.7009164094924927,
        3.6163175106048584,
        3.547157406806946,
        3.466349482536316,
        3.3167353868484497,
        3.166917085647583,
        3.053619146347046,
        2.984155774116516,
        3.052042603492737,
        2.8345776796340942,
        2.9337961673736572,
        2.8238906860351562,
        2.7154276371002197,
        2.7883477210998535,
        2.732643961906433,
        2.621454119682312,
        2.587459683418274,
        2.5080171823501587,
        2.513165235519409,
        2.438093423843384,
        2.373319387435913,
        2.3720260858535767,
        2.4281054735183716,
        2.3854748010635376,
        2.2836484909057617,
        2.3640347719192505,
        2.2726845741271973,
        2.2428183555603027,
        2.191281318664551,
        2.2161718606948853,
        2.2608858346939087,
        2.181897521018982,
        2.160976767539978,
        2.1600754261016846,
        2.1778299808502197,
        2.1155290603637695,
        2.1248699426651,
        2.0955569744110107,
        2.071973204612732,
        2.026760458946228,
        2.0999491214752197,
        2.022361159324646,
        2.039407730102539,
        2.048598885536194,
        2.0266873836517334
    ],
    "val_greedy_bleus": [
        0.0,
        0.10957129988503568,
        0.11791068376590652,
        0.0678645594201763,
        0.058510380838349085,
        0.07055983778134621,
        0.07818898817722106,
        0.040130058435787375,
        0.07705747048694711,
        0.05459119518630165
    ],
    "val_greedy_meteors": [
        0.09642209604850933,
        0.21566176412397142,
        0.19308638021171448,
        0.20329980446850787,
        0.20895003476308124,
        0.2214328637725204,
        0.2616119648983759,
        0.23329177285934263,
        0.254305979413325,
        0.22624187375682292
    ],
    "val_greedy_ciders": [
        0.0037827103537973143,
        0.06377245936014647,
        0.05031983724504123,
        0.06355317710413662,
        0.0674535533616439,
        0.061122231519874094,
        0.11803555438655611,
        0.027385182703812207,
        0.05736058438696179,
        0.057572180817586756
    ],
    "val_beam_bleus": [
        0.0,
        0.1274086189571025,
        0.10090261116178252,
        0.1371022414363662,
        0.08884288872749382,
        0.09288503793782715,
        0.0,
        0.06981183381949245,
        0.0908761838018406,
        0.08038819207788644
    ],
    "val_beam_meteors": [
        0.08536400820301598,
        0.21520075581560916,
        0.17951089836439593,
        0.2399886517556363,
        0.25509244819308324,
        0.21650708947130168,
        0.22718112054366046,
        0.24381294979641963,
        0.24642067234059772,
        0.25204245835859723
    ],
    "val_beam_ciders": [
        0.009721308827761423,
        0.07361590350711811,
        0.07667110882760415,
        0.10055496676065288,
        0.14050106569751294,
        0.1226652320513233,
        0.11682619344549554,
        0.10625470486548699,
        0.13068461521156266,
        0.09895543901699112
    ]
}