{
    "train_losses": [
        5.634265422821045,
        4.828835725784302,
        4.401526689529419,
        4.174371957778931,
        4.0799291133880615,
        4.057484984397888,
        3.8976552486419678,
        3.8789937496185303,
        3.734823703765869,
        3.734643340110779,
        3.6204501390457153,
        3.708937644958496,
        3.585727095603943,
        3.638012647628784,
        3.5319817066192627,
        3.5287750959396362,
        3.537815809249878,
        3.458324909210205,
        3.490115165710449,
        3.4939593076705933,
        3.4228668212890625,
        3.305184841156006,
        3.3693723678588867,
        3.357403874397278,
        3.276845097541809,
        3.3253872394561768,
        3.287475109100342,
        3.309351682662964,
        3.341019868850708,
        3.2414013147354126,
        3.2261096239089966,
        3.2536643743515015,
        3.151733160018921,
        3.1115771532058716,
        3.1226662397384644,
        3.161989212036133,
        3.127992272377014,
        3.0907087326049805,
        3.088773012161255,
        3.0541313886642456,
        3.1203360557556152,
        2.9514005184173584,
        3.1420791149139404,
        3.061031460762024,
        3.0545471906661987,
        2.9976558685302734,
        3.1297574043273926,
        3.0260157585144043,
        3.026557683944702,
        3.029210686683655
    ],
    "val_greedy_bleus": [
        0.0,
        0.0,
        0.08542434766454997,
        0.09523812045723795,
        0.053295804852030795,
        0.10673499626753266,
        0.08965316278514057,
        0.09218205156245007,
        0.08701525182312779,
        0.0831642046909334
    ],
    "val_greedy_meteors": [
        0.06851084668063427,
        0.04637497799808608,
        0.16918340003544471,
        0.1955037866628665,
        0.1888542655850479,
        0.20863768605493735,
        0.20470387763351336,
        0.20692092442346752,
        0.1996891508418531,
        0.18057558245955246
    ],
    "val_greedy_ciders": [
        0.0,
        0.0,
        0.03073811301298479,
        0.029082696547885006,
        0.017965782118812543,
        0.03304614025287979,
        0.023770066103299695,
        0.023591569639594953,
        0.023011591259671473,
        0.023255467026436855
    ],
    "val_beam_bleus": [
        0.0,
        0.0,
        0.08810620965508895,
        0.10122340762173046,
        0.10231926224903118,
        0.12774781666553672,
        0.09417018801044073,
        0.0994278628708162,
        0.09065530398872464,
        0.12098222454605943
    ],
    "val_beam_meteors": [
        0.07023200806670354,
        0.07249761519074457,
        0.15827930030483423,
        0.21412261583715547,
        0.22317570906565945,
        0.2224289108493931,
        0.2132627072839275,
        0.21943304297082877,
        0.21630711003583794,
        0.2236032285912935
    ],
    "val_beam_ciders": [
        0.0,
        3.23540448986611e-05,
        0.03230720284784978,
        0.03190307249457338,
        0.025480978057112556,
        0.044032186739672116,
        0.023410352686314143,
        0.02581644356077546,
        0.024205028840100836,
        0.0437647992035712
    ]
}