{
    "train_losses": [
        4.138364641526167,
        3.538674523409675,
        3.3524520941341627,
        3.2608307193307318,
        3.177605600357056,
        3.06650203704834,
        3.0165594129001394,
        2.9737234839271096,
        2.9353834432714128,
        2.912484478109023,
        2.848881172853358,
        2.815470339831184,
        2.795943155849681,
        2.768872412513284,
        2.7490571431552664,
        2.6943859880110796,
        2.671351311066571,
        2.6561820164848777,
        2.643496487000409,
        2.637761183346019,
        2.582972757115084,
        2.5588096214743223,
        2.551498465818517,
        2.5364616876489974,
        2.524328246397131,
        2.493546553219066,
        2.4813576210246366,
        2.466192688661463,
        2.4571310015285714,
        2.444915298013126,
        2.419003963470459,
        2.4035588516908533,
        2.3926870048747344,
        2.387937895269955,
        2.3755037627500646,
        2.36565460766063,
        2.3502870026756737,
        2.338329995660221,
        2.3348923582189225,
        2.3319018549077652,
        2.3157714967166676,
        2.3011427004197063,
        2.2874347097733443,
        2.284021706861608,
        2.278032381955315,
        2.281381987964406,
        2.265259240094353,
        2.2550550062516157,
        2.256145447843215,
        2.248930095784804
    ],
    "val_greedy_bleus": [
        0.1711169896216564,
        0.16805775834720707,
        0.17987191866853403,
        0.2005240759054338,
        0.16921516482206497,
        0.1866141427981721,
        0.1858664464470364,
        0.19628903890986404,
        0.18868416277273362,
        0.19679262403610737
    ],
    "val_greedy_meteors": [
        0.3567295683327352,
        0.3593726323463997,
        0.3626530103425742,
        0.3746547408562336,
        0.36949553085751446,
        0.3763841127743719,
        0.3738601117675644,
        0.3768115499506185,
        0.3807635918894193,
        0.3742054322226074
    ],
    "val_greedy_ciders": [
        0.33729437705393184,
        0.3403691595070181,
        0.364651675903211,
        0.3950111934623808,
        0.3701672033218965,
        0.39656045539606394,
        0.38839202906875836,
        0.40810866203074475,
        0.3997918126941642,
        0.40764087839388435
    ],
    "val_beam_bleus": [
        0.19410134110711677,
        0.19780604741295613,
        0.20463375160772423,
        0.21858919720983808,
        0.20998927224593789,
        0.2157723875702998,
        0.21154632917203897,
        0.22104957620887972,
        0.21790378946746883,
        0.2198238666462632
    ],
    "val_beam_meteors": [
        0.36101531646356294,
        0.3632792535814648,
        0.3686100199680198,
        0.37724811760764765,
        0.37788913781098094,
        0.37946182151739194,
        0.37862290500335205,
        0.37945762878212036,
        0.3808234277352315,
        0.377243891604076
    ],
    "val_beam_ciders": [
        0.37073048350918014,
        0.3877521500242128,
        0.4022406317899648,
        0.425666332175717,
        0.423762564312948,
        0.4340447206564213,
        0.429356955923851,
        0.43588585130518676,
        0.4396967179442244,
        0.4384372059697951
    ]
}