{
    "train_losses": [
        3.6760316923191594,
        2.88600844319858,
        2.7155186459306955,
        2.6011194265238835,
        2.5405600597906335,
        2.479147268778758,
        2.4392297407943277,
        2.404330420162431,
        2.37918176385682,
        2.3562696812878805,
        2.3260782056098006,
        2.307802018279086,
        2.2861592629593344,
        2.274135460256609,
        2.263536540581233,
        2.2407133179433196,
        2.2246339634360264,
        2.216608156192432,
        2.2062893945614372,
        2.1954291950237623,
        2.1830443053562454,
        2.169536300567792,
        2.1637018611294776,
        2.155495329470686,
        2.1497326013293847,
        2.140302923584279,
        2.1351985358381196,
        2.12504410577889,
        2.1183366570995985,
        2.1116433738740925,
        2.1023966361418758,
        2.100555287630886,
        2.0947339392887567,
        2.089028265413582,
        2.0835289708245113,
        2.080432327305884,
        2.0715847639985947,
        2.071633163338651,
        2.067604875638275,
        2.0618983017053267,
        2.061058413300669,
        2.058877944209292,
        2.050024881981993,
        2.050709624931654,
        2.0517181443652195,
        2.045192376354931,
        2.038782535970119,
        2.0358199345457497,
        2.035248721401327,
        2.0292077453280157
    ],
    "val_greedy_bleus": [
        0.22856883478860715,
        0.2394337922563302,
        0.24875137088577548,
        0.25263996954161927,
        0.2539213874533765,
        0.2522532096601219,
        0.25370538567562306,
        0.2568246561142631,
        0.2566552789352936,
        0.2536766444880849
    ],
    "val_greedy_meteors": [
        0.41838678335280494,
        0.425995213801195,
        0.4368144894567363,
        0.43990301457986375,
        0.44187739019334454,
        0.44024770875032904,
        0.4424138598507838,
        0.44580607809128636,
        0.4441599580730076,
        0.4435725245584856
    ],
    "val_greedy_ciders": [
        0.7118842694519486,
        0.7509924229194158,
        0.7806783863580558,
        0.7952023954388127,
        0.8030327404927811,
        0.8021482419599625,
        0.8012623234338841,
        0.8169312751835177,
        0.8134005496910438,
        0.8109541199373945
    ],
    "val_beam_bleus": [
        0.25549593359696093,
        0.2682401273001384,
        0.2682606556648009,
        0.2699270720325585,
        0.2727447905785111,
        0.27452828852561983,
        0.2757368951464026,
        0.2753704788541745,
        0.27805178831545213,
        0.27772990641567047
    ],
    "val_beam_meteors": [
        0.4286833368833142,
        0.4368915328151731,
        0.4402090949541204,
        0.44258668088031,
        0.4454340933814196,
        0.4473175444976401,
        0.4498782341737557,
        0.4509265221171644,
        0.45014092639095554,
        0.44985661528618254
    ],
    "val_beam_ciders": [
        0.7660576416627031,
        0.7987431267289582,
        0.8094128562276921,
        0.8193012691196511,
        0.8280597274639208,
        0.835036982174315,
        0.8390122612862623,
        0.8398136835402947,
        0.8411869549286172,
        0.8419044355198185
    ]
}