{
    "train_losses": [
        4.613493256849401,
        3.833723237093757,
        3.608809040293974,
        3.478081236446605,
        3.396122235690846,
        3.2955268691567814,
        3.23631880087011,
        3.206858615875244,
        3.1632528439690084,
        3.133219612345976,
        3.0779630498325123,
        3.055596835192512,
        3.0292729215060965,
        3.010968282923979,
        2.991272611057057,
        2.958713633032406,
        2.9275988376841826,
        2.926635310790118,
        2.913585158516379,
        2.8967570181453928,
        2.8734874579485723,
        2.8676825259713565,
        2.8457062440759997,
        2.8351840597040514,
        2.8293708632974064,
        2.8048902635013357,
        2.7973207193262435,
        2.791023675694185,
        2.788610324859619,
        2.775289778428919,
        2.76000150568345,
        2.7491576755748075,
        2.7413760819154627,
        2.735927323734059,
        2.7263125442056095,
        2.7166858207478244,
        2.7099471159542308,
        2.718887242148904,
        2.707632344189812,
        2.695168995576746,
        2.6881431304707246,
        2.6863215575498693,
        2.6740724243837244,
        2.680957342596615,
        2.672670540529139,
        2.6606937251371496,
        2.6635503522087545,
        2.6553991587021772,
        2.6537835940192727,
        2.650968179141774
    ],
    "val_greedy_bleus": [
        0.1732589218291493,
        0.16320012111905455,
        0.17707824917418508,
        0.1648774516785911,
        0.16844600578972305,
        0.16942806512883846,
        0.17328070791553205,
        0.17676876595873536,
        0.17614959131802702,
        0.17391764484076097
    ],
    "val_greedy_meteors": [
        0.3350166051148164,
        0.33995221294605227,
        0.3438900819145865,
        0.3519943157206704,
        0.3487176603697951,
        0.3498277640752722,
        0.3518178508057208,
        0.35086728461155786,
        0.3527747224838011,
        0.35026425962022273
    ],
    "val_greedy_ciders": [
        0.29282614406485,
        0.28710300394406185,
        0.312908365374307,
        0.3005530336781634,
        0.3051134655652157,
        0.3083400325967395,
        0.3141537197785432,
        0.32050071942044395,
        0.326100548676877,
        0.3122584237962881
    ],
    "val_beam_bleus": [
        0.1823856639172565,
        0.18271218456246466,
        0.18862171174786277,
        0.183486000707892,
        0.19385491152487563,
        0.19072572526017187,
        0.19111161887356487,
        0.18961970340753062,
        0.19584725487534332,
        0.18923642184321926
    ],
    "val_beam_meteors": [
        0.3375230100280215,
        0.3459245408839993,
        0.34438538828662296,
        0.3552994707346921,
        0.35338786489767676,
        0.3531809786628238,
        0.3548276114859472,
        0.3503901545768669,
        0.3541873366171751,
        0.3532674911233416
    ],
    "val_beam_ciders": [
        0.3042817481160093,
        0.31866094699012354,
        0.3268695173656078,
        0.3323549354600634,
        0.3414630020157117,
        0.34271491275737936,
        0.3432265704767831,
        0.34164292049318123,
        0.35303249425490424,
        0.3397526215717672
    ]
}