{
    "train_losses": [
        3.569095504523429,
        2.9702916524878242,
        2.8340673505615044,
        2.7555238773133692,
        2.6975478540063826,
        2.6365172837211692,
        2.6020095289398384,
        2.5793818961339534,
        2.558545652276029,
        2.530403892444864,
        2.5008441320342665,
        2.488736934971404,
        2.4688535665249716,
        2.466847448850157,
        2.4513575459558408,
        2.4316671795601823,
        2.424489740426242,
        2.4131314089346154,
        2.3992632019464533,
        2.3953475701569404,
        2.379707597138524,
        2.3723318692889794,
        2.373192878926556,
        2.364176494076595,
        2.358341008194447,
        2.3414639833353035,
        2.336550218705232,
        2.3379664309610724,
        2.3302583692615513,
        2.3289257803877135,
        2.3160169734468417,
        2.3122444958922665,
        2.3043044021546013,
        2.303815445262461,
        2.3049356036429427,
        2.2916488820655267,
        2.2934537439663223,
        2.290470528086702,
        2.2862583918401964,
        2.2843314863430475,
        2.2793041227221305,
        2.272625547564564,
        2.277223754242362,
        2.2746801502553535,
        2.270295100934354,
        2.266534503866016,
        2.2634208253030614,
        2.2622230572530992,
        2.260461101668327,
        2.257928287135394
    ],
    "val_greedy_bleus": [
        0.23067100447826708,
        0.23873189532276293,
        0.24842788764126633,
        0.24810413758914687,
        0.25058319258268197,
        0.25404969839349617,
        0.25224509730785494,
        0.25483662990165473,
        0.25465578161876457,
        0.2557116627417165
    ],
    "val_greedy_meteors": [
        0.41342294003364216,
        0.4253173253814432,
        0.43033326084847345,
        0.4322908035764938,
        0.4360727131361108,
        0.4362203332072447,
        0.4390570376935994,
        0.43771499177619705,
        0.43747959695038796,
        0.4394744634699422
    ],
    "val_greedy_ciders": [
        0.7104427308019373,
        0.7534494806583975,
        0.7696816461473862,
        0.7808723653651161,
        0.7911936819421141,
        0.7958942651209766,
        0.7961722756040801,
        0.7970296448804949,
        0.8043050959009062,
        0.8057849423070665
    ],
    "val_beam_bleus": [
        0.26362202609883567,
        0.2649457133758584,
        0.27468488588982976,
        0.2800644886019214,
        0.2796002593021541,
        0.2832214212889418,
        0.2816738615049067,
        0.28478689584555933,
        0.28477084381874457,
        0.2839616026877511
    ],
    "val_beam_meteors": [
        0.42558690229887874,
        0.4325892724290577,
        0.44137816872118474,
        0.44340650374420587,
        0.4442968903208757,
        0.4461022072640223,
        0.448841617136187,
        0.44754724658222467,
        0.4478449922410153,
        0.4501249734013518
    ],
    "val_beam_ciders": [
        0.7660428164986709,
        0.7933190399265706,
        0.8186172426983862,
        0.8345630206996814,
        0.838759916371725,
        0.8455508056119404,
        0.845901284921132,
        0.847471593436518,
        0.8509612538948846,
        0.8553327084414554
    ]
}