{
    "train_losses": [
        4.298776538512286,
        3.618580266167136,
        3.421864128112793,
        3.3069457772198847,
        3.2233392979117,
        3.123597555721507,
        3.076111447390388,
        3.0303362218071435,
        2.997183509153478,
        2.962477072547464,
        2.901348830391379,
        2.8714943055545583,
        2.850751272650326,
        2.8329896960538976,
        2.813899436277502,
        2.7669819310132193,
        2.7605642890930175,
        2.7303590886733113,
        2.7191064744837146,
        2.7072549690919763,
        2.672982625400319,
        2.6543115716822006,
        2.6409356672623576,
        2.6299385508368998,
        2.6192226264056035,
        2.5958238276313335,
        2.580091694663553,
        2.574565739912145,
        2.558241820615881,
        2.557499413209803,
        2.5391790861241956,
        2.522931849535774,
        2.51500693433425,
        2.4992925290500416,
        2.5019111493054558,
        2.4805549851585837,
        2.470691232681274,
        2.4634034628026624,
        2.46172713952906,
        2.459672720292035,
        2.4384258057089414,
        2.4368268747890696,
        2.4245658986708696,
        2.4238669401056625,
        2.420477851979873,
        2.407809067894431,
        2.3977793149387137,
        2.3930140596277574,
        2.3899911886103014,
        2.3899849111893596
    ],
    "val_greedy_bleus": [
        0.1591951569263024,
        0.16346513253198589,
        0.16558224268251334,
        0.17263831724430734,
        0.18338700032889224,
        0.17177646036773858,
        0.16342451252611237,
        0.17126264328444837,
        0.16806179213982048,
        0.1721474729643563
    ],
    "val_greedy_meteors": [
        0.32854596722582885,
        0.33006057707273817,
        0.3469783750920122,
        0.3479597286797313,
        0.35278100003360874,
        0.353841310956276,
        0.3525127710627454,
        0.35380157455415623,
        0.35234564378951794,
        0.35389292218976304
    ],
    "val_greedy_ciders": [
        0.28099511100582175,
        0.2848081560484359,
        0.2978966385709683,
        0.3117126425308059,
        0.3331056081669746,
        0.32848842733909733,
        0.3139884857313108,
        0.32581874031892955,
        0.31738825231970214,
        0.32944102250731816
    ],
    "val_beam_bleus": [
        0.16897832293824674,
        0.1799742731753709,
        0.18297930516467242,
        0.18499609217788707,
        0.1975943463062068,
        0.1912709081070818,
        0.1879748773257287,
        0.18820396807215695,
        0.18637390421938826,
        0.19235178918191695
    ],
    "val_beam_meteors": [
        0.32036903670781586,
        0.33585134796630195,
        0.3495845613404479,
        0.34363725320053123,
        0.3529846839274607,
        0.3583007591025143,
        0.3513894593175221,
        0.35268569198902194,
        0.3546531567807458,
        0.35653346257305046
    ],
    "val_beam_ciders": [
        0.29240837692345684,
        0.31180563867133665,
        0.3237162060618925,
        0.329670243536494,
        0.34780916259295414,
        0.3505696972813689,
        0.35109906018764836,
        0.3446602144675939,
        0.34773719394985786,
        0.35839866307220225
    ]
}