{
    "train_losses": [
        5.538902521133423,
        4.6635401248931885,
        4.345816373825073,
        4.083843231201172,
        4.070107698440552,
        3.948996663093567,
        3.866494297981262,
        3.779877781867981,
        3.7578541040420532,
        3.7704681158065796,
        3.698822855949402,
        3.6356810331344604,
        3.5620754957199097,
        3.499141573905945,
        3.5118918418884277,
        3.403894305229187,
        3.318481206893921,
        3.362496852874756,
        3.3831220865249634,
        3.3096717596054077,
        3.312174916267395,
        3.3016968965530396,
        3.2466319799423218,
        3.1918599605560303,
        3.266669750213623,
        3.162754774093628,
        3.185800313949585,
        3.1582969427108765,
        3.148744225502014,
        3.0540488958358765,
        3.0939046144485474,
        2.9958263635635376,
        3.063006281852722,
        2.9847246408462524,
        2.9797279834747314,
        3.0185234546661377,
        2.9299583435058594,
        2.995935320854187,
        2.972219705581665,
        2.9403531551361084,
        2.9176846742630005,
        3.0124287605285645,
        2.9511982202529907,
        2.891011118888855,
        2.9133487939834595,
        2.917698383331299,
        2.8792203664779663,
        2.8970507383346558,
        2.9349275827407837,
        2.8752609491348267
    ],
    "val_greedy_bleus": [
        0.0,
        0.0,
        0.0934508788773669,
        0.12145401346784272,
        0.0878517922967314,
        0.08787395545013094,
        0.07453775610738511,
        0.07969423567220738,
        0.08605360972704884,
        0.07756934969388377
    ],
    "val_greedy_meteors": [
        0.049739774308160234,
        0.10052719424480468,
        0.18877518090138445,
        0.2227314937179575,
        0.20170818588695913,
        0.2182083292446175,
        0.20411649244752236,
        0.20401595043586626,
        0.2197791962027083,
        0.20967523222882467
    ],
    "val_greedy_ciders": [
        0.0,
        0.00602211495117361,
        0.03976795591918771,
        0.05984547274251422,
        0.024425319729796495,
        0.03998191077982402,
        0.032033513092207325,
        0.049404127720174607,
        0.04568955541874175,
        0.04656551967368741
    ],
    "val_beam_bleus": [
        0.0,
        0.0322468210549642,
        0.088808077060898,
        0.1270841442410631,
        0.11704777570389513,
        0.10930537194798236,
        0.0939865523026516,
        0.10370696074065504,
        0.10032236391526263,
        0.10270491313006493
    ],
    "val_beam_meteors": [
        0.0705208815877894,
        0.08735449314605388,
        0.17616833680304278,
        0.22501395542565794,
        0.21165238467190312,
        0.21472811635672928,
        0.19859997059779796,
        0.1968838916385243,
        0.20321417777873363,
        0.21591706202762503
    ],
    "val_beam_ciders": [
        0.0,
        0.006973148130183853,
        0.029499195410041545,
        0.07130540019926182,
        0.040969909941824784,
        0.049891765127344744,
        0.04754771764889579,
        0.04982634934437685,
        0.05202604585148692,
        0.06881221111952472
    ]
}