{
    "train_losses": [
        4.947359179107236,
        3.9501839781031363,
        3.687028000612214,
        3.5328845798689437,
        3.429529605337152,
        3.3420179203642366,
        3.285071359553807,
        3.2415450693855825,
        3.199720899823686,
        3.1567397509382364,
        3.1201523066686354,
        3.090591052328477,
        3.0632309454707474,
        3.0455721611148316,
        3.027890020692852,
        2.993286623081691,
        2.985994621061943,
        2.9733494290723486,
        2.9504124558587588,
        2.941715641200822,
        2.917220333932151,
        2.9057686765429,
        2.901793547079597,
        2.891018209323077,
        2.8759006491289454,
        2.8736228909291013,
        2.8523455975760874,
        2.8537522582380985,
        2.8394768394774674,
        2.838150759817849,
        2.821222592967217,
        2.8249609313660384,
        2.809358897903156,
        2.8091087822623098,
        2.795451923155449,
        2.7842275234455234,
        2.7826589284368524,
        2.788679491186366,
        2.777312875353674,
        2.768977446175517,
        2.766535608981137,
        2.755360277605728,
        2.7553904537863576,
        2.750547749335777,
        2.7541446484310526,
        2.747208832575122,
        2.742411427654571,
        2.7382965121470706,
        2.743895704197772,
        2.73192178475465
    ],
    "val_greedy_bleus": [
        0.1659770525799846,
        0.1743314054602538,
        0.16554756493413467,
        0.169775415200684,
        0.17309087985059862,
        0.1850435942301408,
        0.1820199038459939,
        0.18697220510424026,
        0.18316790530620689,
        0.18358576333684923
    ],
    "val_greedy_meteors": [
        0.34982527742214165,
        0.3544581877058715,
        0.35899413512294803,
        0.3606138335664407,
        0.36487292129890453,
        0.36252820348500486,
        0.36134719733649134,
        0.36276082734932735,
        0.363473204618191,
        0.3656627112987364
    ],
    "val_greedy_ciders": [
        0.32546836019378234,
        0.33175180805530646,
        0.3240160888702415,
        0.33181684509896237,
        0.34128577185892456,
        0.36603906471464626,
        0.35652354441717454,
        0.3721933332412319,
        0.3673237681979203,
        0.3714922909431018
    ],
    "val_beam_bleus": [
        0.17808559844922117,
        0.1938156250044576,
        0.18295804978586463,
        0.18946245418392196,
        0.19469619254562576,
        0.19805009405866925,
        0.19750148851186874,
        0.20095158417971382,
        0.20267331745373096,
        0.20095219510155118
    ],
    "val_beam_meteors": [
        0.3519264502269822,
        0.35593143338025074,
        0.36107914774877725,
        0.36474446946063604,
        0.3651289919752778,
        0.36411045389165814,
        0.3649123034037507,
        0.3673936875316233,
        0.3674009059483587,
        0.36824651791702856
    ],
    "val_beam_ciders": [
        0.33824323380297067,
        0.3578953162677692,
        0.361198560236531,
        0.3709382561819392,
        0.3815514567251653,
        0.3831107499065236,
        0.38755046593101133,
        0.39521124579385086,
        0.39439309380440474,
        0.3972960194378234
    ]
}