{
    "train_losses": [
        4.9378724545939985,
        4.053359740216967,
        3.8047708860585385,
        3.634821588444598,
        3.51303071819001,
        3.4052434672772045,
        3.334328126459614,
        3.271969065419945,
        3.230779464256036,
        3.1860330586142385,
        3.140728423293208,
        3.1071751531860636,
        3.0810169905004368,
        3.052581012528827,
        3.031436611229265,
        2.9993146999341223,
        2.975225033334723,
        2.956820677143867,
        2.9421105563920427,
        2.9208934452612074,
        2.9056153991412668,
        2.900843682983112,
        2.880346009429072,
        2.869078124632858,
        2.854172518555547,
        2.829786671159413,
        2.82866044335522,
        2.8255510229459952,
        2.813233519943667,
        2.805302828130588,
        2.794139438951519,
        2.7852615560164473,
        2.7825010181032996,
        2.7713271172393656,
        2.7701103418645725,
        2.7555936267118497,
        2.749576348094313,
        2.746790797497745,
        2.746439244265847,
        2.7375789483388266,
        2.728827054511773,
        2.7226191675159295,
        2.725204137569302,
        2.717411578541071,
        2.7143327406314617,
        2.7068952372376347,
        2.7017142235393257,
        2.7065435799074846,
        2.6950686358510048,
        2.694775167205524
    ],
    "val_greedy_bleus": [
        0.13264233187161864,
        0.13680866194233007,
        0.17509994771124326,
        0.16026594752727916,
        0.17074363126034475,
        0.17332558644752186,
        0.17772084651528983,
        0.1765471552750676,
        0.17673184682503476,
        0.17426912337428668
    ],
    "val_greedy_meteors": [
        0.30598877257397167,
        0.33415291683547055,
        0.3444951486570954,
        0.34728363240836907,
        0.35407630226660775,
        0.3559280505547667,
        0.35692535311278906,
        0.3608329818259449,
        0.36024004345450306,
        0.3610434943819753
    ],
    "val_greedy_ciders": [
        0.18561621195053507,
        0.23172156674662833,
        0.299761639627481,
        0.2909970557401961,
        0.3177308230556799,
        0.3233581508405894,
        0.33244414332593586,
        0.33383873622538107,
        0.33586378811615053,
        0.33223781817064807
    ],
    "val_beam_bleus": [
        0.15554440948351006,
        0.16362900792817528,
        0.18561928597589952,
        0.17818683644013014,
        0.18814393369915272,
        0.1911411187409907,
        0.19250989263691654,
        0.1944039423328568,
        0.19078270372725095,
        0.19127602046809009
    ],
    "val_beam_meteors": [
        0.3183174209808258,
        0.3419107166676991,
        0.3445914760699988,
        0.35203565789497643,
        0.3552785422760798,
        0.360119682963485,
        0.3583809435849839,
        0.3619048899388753,
        0.3598513375643411,
        0.3637618533419518
    ],
    "val_beam_ciders": [
        0.2232970340036881,
        0.2754921770855539,
        0.31626601211645583,
        0.3321340337337911,
        0.34221182418795904,
        0.3555975217163273,
        0.35338538127132874,
        0.3630693678558264,
        0.3553586712931983,
        0.36099478935703466
    ]
}