{
    "train_losses": [
        4.181013668087167,
        3.4555529025798672,
        3.2563588104337593,
        3.1497963706092653,
        3.065351335095688,
        2.953431727181018,
        2.8861259350754285,
        2.8487461878100473,
        2.798341347018318,
        2.7691183840165117,
        2.6940122590938085,
        2.6470199773009395,
        2.6200568060360045,
        2.5984151340986084,
        2.569007633997241,
        2.5212006221914516,
        2.4924583703699246,
        2.463740651036652,
        2.441812403325184,
        2.4280516060305315,
        2.3840970668434536,
        2.3553226408264445,
        2.325190007966449,
        2.313679749976861,
        2.306724013297211,
        2.2687201667839374,
        2.246124135496471,
        2.2171117061740357,
        2.209054087249326,
        2.1962263186772666,
        2.1734266969519602,
        2.1527954619815093,
        2.13611045969484,
        2.126090753806029,
        2.1154468031556393,
        2.090523404134831,
        2.0747358860544196,
        2.0659154261781576,
        2.0540951316905134,
        2.0463551406009657,
        2.0152650472703675,
        2.0104190659634944,
        2.0030177025727824,
        1.991263229522347,
        1.984632087985115,
        1.9678273469629421,
        1.9612826814114208,
        1.9475769739195774,
        1.9386937993233193,
        1.9363830811540845
    ],
    "val_greedy_bleus": [
        0.18264153307568923,
        0.17746542468235485,
        0.20054247209807619,
        0.18542865501480632,
        0.1880576572660341,
        0.18554908622577176,
        0.18535534591890082,
        0.19056633611783969,
        0.19134859329690662,
        0.18533805990971952
    ],
    "val_greedy_meteors": [
        0.35175078607501215,
        0.3674452385601001,
        0.37035834898724895,
        0.37309938075618726,
        0.37452600184965623,
        0.3772578272737498,
        0.38210706980200515,
        0.3805358615221987,
        0.38333629176093414,
        0.37688013271110227
    ],
    "val_greedy_ciders": [
        0.3494006162974369,
        0.36015799997640524,
        0.4100910797003469,
        0.38332252014766116,
        0.3954160298267683,
        0.39937433908297454,
        0.40740158835482204,
        0.4121394398958837,
        0.42009538065788876,
        0.3981720966369282
    ],
    "val_beam_bleus": [
        0.1929149049620171,
        0.19838698896072424,
        0.22120283441743413,
        0.21203350285137293,
        0.2080361648570898,
        0.20757364175715354,
        0.2074654796511133,
        0.21101650255023785,
        0.21011022241470148,
        0.20901227265236033
    ],
    "val_beam_meteors": [
        0.3510490740510496,
        0.36659658882857254,
        0.3794599076655128,
        0.37949255162636475,
        0.37671900765129995,
        0.3795507986214474,
        0.3822357892871283,
        0.3782785499465791,
        0.37975035462591433,
        0.3807304297733773
    ],
    "val_beam_ciders": [
        0.3541181963058569,
        0.3999976650630008,
        0.44324375006490674,
        0.42762880553860133,
        0.4214212266751397,
        0.43316083707562253,
        0.43971910543735265,
        0.43874809878638077,
        0.4376475659335492,
        0.4350862980340237
    ]
}