{
    "train_losses": [
        4.181758823394776,
        3.4968412281485164,
        3.30119885893429,
        3.1850974823446836,
        3.1048497946122113,
        2.9842850847805247,
        2.9212628039191753,
        2.8772851697136375,
        2.83688310510972,
        2.79733297179727,
        2.7306699747197767,
        2.71017118397881,
        2.6691581002403706,
        2.653259340174058,
        2.6215211587793688,
        2.5670512502333698,
        2.5409716314427993,
        2.527185713263119,
        2.508151974958532,
        2.4862482766544116,
        2.449863981359145,
        2.4207637169781853,
        2.3949539801653694,
        2.3923935312383313,
        2.3724017928628363,
        2.3428330466326543,
        2.321314677631154,
        2.30600170359892,
        2.292539404139799,
        2.2773957008474013,
        2.258048766641056,
        2.236354549632353,
        2.217276968114516,
        2.211893752883462,
        2.2003150637009563,
        2.180253459145041,
        2.165253141627592,
        2.15415172885446,
        2.1387604682585772,
        2.1370585326587452,
        2.1179761261098524,
        2.1076360556658575,
        2.10031299310572,
        2.091716402278227,
        2.0847127319784726,
        2.0683373524160946,
        2.0555735548804788,
        2.053223126074847,
        2.0441794342153212,
        2.037726226974936
    ],
    "val_greedy_bleus": [
        0.13432696247182563,
        0.16583646357609746,
        0.17757403194082594,
        0.16765365196642662,
        0.1778930705858397,
        0.18024674720536477,
        0.18274887602818093,
        0.17708029737444483,
        0.1759149213089362,
        0.1734152057783726
    ],
    "val_greedy_meteors": [
        0.32498528775554475,
        0.3555093129197916,
        0.36709594815454877,
        0.3626726855251682,
        0.36550799746172513,
        0.37048339932922886,
        0.37100306439063024,
        0.367488080293293,
        0.36960280363506043,
        0.3730762745663659
    ],
    "val_greedy_ciders": [
        0.2724371404799359,
        0.3396874408772471,
        0.35767131310910405,
        0.34862211078273947,
        0.3673931120236123,
        0.3787683884421497,
        0.38233942465900256,
        0.37962459121662795,
        0.3695081984992035,
        0.3713551063096708
    ],
    "val_beam_bleus": [
        0.16623164705799812,
        0.18700536757077738,
        0.19316482210026717,
        0.19237576800046868,
        0.19629214256067162,
        0.1958323975505245,
        0.19795709941305448,
        0.20127871817341647,
        0.19620761528771807,
        0.19498386269906073
    ],
    "val_beam_meteors": [
        0.3365417648601139,
        0.3555124469355528,
        0.3650164426761575,
        0.36938610704610286,
        0.3675021051998176,
        0.371250479424911,
        0.36919746431490663,
        0.3747507056814558,
        0.3714451404546448,
        0.37468408508267387
    ],
    "val_beam_ciders": [
        0.3118407324358857,
        0.37104672922967147,
        0.3814451486503515,
        0.39060711243507257,
        0.39217575958483014,
        0.4051122455900994,
        0.406511387264622,
        0.4158185138990419,
        0.40628376666202903,
        0.41063284754357254
    ]
}