{
    "train_losses": [
        4.2285131949214305,
        3.4902328090488632,
        3.3176562954002704,
        3.2300335756489926,
        3.193845933591816,
        3.099263413971019,
        3.0729452265260364,
        3.1290619003940634,
        3.4752691799486186,
        3.5018721925260876,
        3.6548266836175336,
        3.4993822238814665,
        3.4612453286076934,
        3.4346115186180866,
        3.299885330065875,
        3.254306912981848,
        3.3619202783969646,
        3.2771833357116984,
        3.2266061059745823,
        3.226386824683964,
        3.136400664916061,
        3.075951678092491,
        3.0423726487047795,
        3.0083734272791185,
        2.990860076017783,
        2.9833966868584145,
        2.953324448894447,
        2.9252597535719893,
        2.9104926787631613,
        2.960010303577907,
        2.932757903712456,
        2.9093373068061794,
        2.9165560191785787,
        2.896624635642683,
        2.8777930255227244,
        2.8372906082672693,
        2.8198198040886107,
        2.8038814190967543,
        2.800240272647338,
        2.787617136055315,
        2.7572947343190513,
        2.7530617993762236,
        2.7410442549298066,
        2.7348806432715045,
        2.7313641942163027,
        2.7131189773899846,
        2.7054227450643906,
        2.6924447655118127,
        2.6982378769368633,
        2.680769446869971
    ],
    "val_greedy_bleus": [
        0.16130198382239072,
        0.14748263777129386,
        0.16301780088104822,
        0.12575877363835444,
        0.1932725872326947,
        0.16912872278718774,
        0.16696796696242674,
        0.19531643855784084,
        0.19752886546565449,
        0.19720176510563103
    ],
    "val_greedy_meteors": [
        0.3504621100334435,
        0.3332212303086965,
        0.36090195438614153,
        0.3427085412883246,
        0.3635674762885582,
        0.3671461215091389,
        0.37243454964886274,
        0.3832840945357776,
        0.3823564640152833,
        0.3849315157696806
    ],
    "val_greedy_ciders": [
        0.332294598090787,
        0.3092950705248926,
        0.35110916811826853,
        0.32895937455385604,
        0.38966712734552766,
        0.3690194783416907,
        0.39082828439078676,
        0.41331425716474024,
        0.4199821799360728,
        0.42332159926032015
    ],
    "val_beam_bleus": [
        0.18593841810107775,
        0.18763386573494467,
        0.1981021522185039,
        0.16263095411867098,
        0.2105243777083643,
        0.1932091801686625,
        0.19523836262911878,
        0.21865920355217996,
        0.21773383839766539,
        0.22134126428007203
    ],
    "val_beam_meteors": [
        0.35429127938286187,
        0.33974205554105996,
        0.3678340943587381,
        0.35658586402902853,
        0.3676205149356294,
        0.3736053511968298,
        0.37344731432876277,
        0.3847827924606528,
        0.3818197222577473,
        0.3852343983622115
    ],
    "val_beam_ciders": [
        0.36204388923324693,
        0.3396684819055533,
        0.3939390553605185,
        0.38048334849424353,
        0.4072348356618535,
        0.4040640632354167,
        0.4227434719356882,
        0.4430144151133416,
        0.4403392253586758,
        0.4554309343200541
    ]
}