{
    "train_losses": [
        4.278089087893705,
        3.5625724490259736,
        3.3699266339691594,
        3.2634905392015483,
        3.182196215284822,
        3.075944959837506,
        3.02307588505633,
        2.9744762848240667,
        2.9390263635787606,
        2.909771337195741,
        2.8510246433562516,
        2.8183314677135485,
        2.798576556460958,
        2.7707010043059155,
        2.75367404597466,
        2.7136206570925285,
        2.693795839945475,
        2.6668223674308527,
        2.6537022321996555,
        2.6374190390949517,
        2.602365274384548,
        2.586999984974033,
        2.5660816850796553,
        2.5605892385115645,
        2.545824024039255,
        2.524534968703006,
        2.503996381177589,
        2.498421545879382,
        2.4823671909565097,
        2.4796674620937296,
        2.4489396782548214,
        2.441452362168003,
        2.4330717252453726,
        2.426143959654329,
        2.416588418360607,
        2.402624843266089,
        2.3896579585724593,
        2.380666242518895,
        2.372296992601923,
        2.3655544670534807,
        2.361974248304054,
        2.3540035323917587,
        2.339947139713126,
        2.3341004154491873,
        2.3300444676842487,
        2.319209508492913,
        2.319850609336101,
        2.305726358028645,
        2.3029871188418967,
        2.3029014291897627
    ],
    "val_greedy_bleus": [
        0.1587269151375268,
        0.16515818720475484,
        0.1786379551914202,
        0.1766797612810359,
        0.18292987058277674,
        0.17674320571853,
        0.181456060411899,
        0.18405696867654683,
        0.18199754621593853,
        0.18203037265288277
    ],
    "val_greedy_meteors": [
        0.34158164907585614,
        0.3504465675846758,
        0.3576076047379584,
        0.3660300870071912,
        0.3606646253146652,
        0.3643909756232781,
        0.36566401897343104,
        0.36688051498435886,
        0.3697826461449029,
        0.3656553954817661
    ],
    "val_greedy_ciders": [
        0.29735784403372667,
        0.3235628017405763,
        0.34465634798155403,
        0.35733015695880627,
        0.3671821729302658,
        0.36386018961148214,
        0.3738263362472488,
        0.37481011787509105,
        0.37493616285836107,
        0.37851803302995035
    ],
    "val_beam_bleus": [
        0.18144875567835828,
        0.18342924739698102,
        0.19624581809726824,
        0.19274570866472562,
        0.2046353837748886,
        0.19793571970106555,
        0.19992083168712274,
        0.20056053952898145,
        0.20026122593665532,
        0.20139324267065384
    ],
    "val_beam_meteors": [
        0.347107632981353,
        0.3476005640789121,
        0.3582535364332317,
        0.3681073874125754,
        0.3605116280857546,
        0.3658772710854693,
        0.36485415066683663,
        0.36505314965157376,
        0.3703561197915032,
        0.36161707818457256
    ],
    "val_beam_ciders": [
        0.3229435725579438,
        0.3403255321422574,
        0.3726546468102296,
        0.38727948029385645,
        0.3976332246442715,
        0.39801165240726,
        0.3997816458727384,
        0.4021334303357931,
        0.4061877082210286,
        0.39559603696834933
    ]
}