{
    "train_losses": [
        4.3347093099706315,
        3.6326992371503044,
        3.396002639882705,
        3.250469857384177,
        3.1517562473521514,
        3.053985046498916,
        2.997043186075547,
        2.9438866744321937,
        2.898401289547191,
        2.860589112113504,
        2.812793162289788,
        2.782411787369672,
        2.7508142577900605,
        2.7273747219758877,
        2.693700121150297,
        2.673811467114617,
        2.650913195890539,
        2.6385970233468448,
        2.615765567667344,
        2.59946798324585,
        2.582755864087273,
        2.5606468716789696,
        2.5466974561354694,
        2.5368294368070714,
        2.5195157006207634,
        2.5070757792977725,
        2.4976138574936813,
        2.482575653300566,
        2.475986093633315,
        2.469045429790721,
        2.454686087440042,
        2.4402854358448702,
        2.4346533730450797,
        2.4276164380241845,
        2.4234139448053695,
        2.409600996129653,
        2.406198511123657,
        2.3890318410536824,
        2.3909153646581314,
        2.390302933524637,
        2.376183582754696,
        2.362769166722017,
        2.3661326599121093,
        2.3589723396301268,
        2.3570965884713564,
        2.3459590014289406,
        2.341729907428517,
        2.3342121976964614,
        2.3349303307252773,
        2.3296401495092054
    ],
    "val_greedy_bleus": [
        0.13871709740055296,
        0.15143550625366411,
        0.16754392821958902,
        0.1643084124723512,
        0.15753641682872727,
        0.16993491505674116,
        0.168514821912835,
        0.16349879995780622,
        0.1667719893163839,
        0.16729009249827498
    ],
    "val_greedy_meteors": [
        0.327314841934872,
        0.3368275598728177,
        0.35051043541670834,
        0.3546874133159621,
        0.35244080504076974,
        0.3559280718570113,
        0.35651358947823086,
        0.3519910079694372,
        0.3547336800204816,
        0.3575167090515159
    ],
    "val_greedy_ciders": [
        0.23757809109596295,
        0.27612744826398417,
        0.3097755936403516,
        0.3103527413545605,
        0.2985090259955494,
        0.3275307168143411,
        0.32493025973569056,
        0.3191724763967567,
        0.32814988355297253,
        0.3282095884066922
    ],
    "val_beam_bleus": [
        0.15636407215804227,
        0.16901378261245179,
        0.1853752887659298,
        0.18296994790096924,
        0.17217986998880286,
        0.18720915360470855,
        0.1839741705236318,
        0.18509880161465908,
        0.19033257227668024,
        0.18802992614611033
    ],
    "val_beam_meteors": [
        0.33318906379522123,
        0.3444361089373186,
        0.35185311967250826,
        0.35651103289739555,
        0.35544724026857727,
        0.360438885825796,
        0.35869874682276764,
        0.3569765311493202,
        0.36225898783624505,
        0.36313671352997723
    ],
    "val_beam_ciders": [
        0.27035112867791766,
        0.3178270966801766,
        0.3412805605932218,
        0.3504947029234269,
        0.3364594880409839,
        0.35336332071310744,
        0.35063021858129045,
        0.3576444378760489,
        0.3704412924352241,
        0.35981994588290317
    ]
}