{
    "train_losses": [
        4.077839836232802,
        3.494759532704073,
        3.3415300896588493,
        3.2477542882807113,
        3.183310790342443,
        3.0804175612505746,
        3.0386756711847642,
        2.9953097820281984,
        2.9854080968744614,
        2.9450033698362463,
        2.873788688884062,
        2.844759751488181,
        2.819875764285817,
        2.8014110178105973,
        2.8000908509422753,
        2.74208680489484,
        2.714405563578886,
        2.6976928127513213,
        2.6813007646448472,
        2.678167473849128,
        2.6354561917922075,
        2.6208496492049274,
        2.601806048785939,
        2.5927289581298827,
        2.579377556408153,
        2.5553900196973016,
        2.5244804000854493,
        2.519602919185863,
        2.499373425315408,
        2.4950411594615263,
        2.471482499627506,
        2.4649118821761187,
        2.4485397097643684,
        2.4448044322518743,
        2.431218645993401,
        2.4096882107678583,
        2.4007925757239845,
        2.4018214208939495,
        2.392206174065085,
        2.3903859323613785,
        2.363686844320858,
        2.3583987050897934,
        2.3495860733705407,
        2.3480512198279886,
        2.346850155662088,
        2.331293940824621,
        2.331427049075856,
        2.3108628688139072,
        2.3172631387149587,
        2.304435811884263
    ],
    "val_greedy_bleus": [
        0.17518691821722832,
        0.17049270656452795,
        0.17443346845252197,
        0.18440704491538432,
        0.19547117877633197,
        0.2063758724440395,
        0.1965406419772364,
        0.1927522378189281,
        0.19285254203713992,
        0.19327900100474443
    ],
    "val_greedy_meteors": [
        0.3438626820607569,
        0.35400914027938224,
        0.3598214939460041,
        0.3717297990454304,
        0.37339798024499565,
        0.3732648985205174,
        0.377934273807972,
        0.3751268678869155,
        0.38080627044360693,
        0.37960115989724724
    ],
    "val_greedy_ciders": [
        0.3317045039187545,
        0.3326625911123369,
        0.34401742612737596,
        0.3786809101229301,
        0.38985173027434616,
        0.41112315849548337,
        0.4046108279334863,
        0.3942684260472553,
        0.39952344477999197,
        0.4026028652717321
    ],
    "val_beam_bleus": [
        0.19404467867101294,
        0.18525419478491964,
        0.20024979478886312,
        0.20565780110875334,
        0.21159582217519032,
        0.21755231280006387,
        0.21594756274765103,
        0.2130043229121864,
        0.21191549782913116,
        0.2114380762190771
    ],
    "val_beam_meteors": [
        0.3491947856856249,
        0.3569118437573101,
        0.369741013807504,
        0.37042469037083053,
        0.37167843115624255,
        0.3733285528043021,
        0.3793711998189098,
        0.3793629997871141,
        0.3851803599018514,
        0.3830290661872302
    ],
    "val_beam_ciders": [
        0.3616152698305246,
        0.35538527990523167,
        0.39179699001653706,
        0.4045667010437451,
        0.41484512217719827,
        0.42084377426721076,
        0.4349186639785935,
        0.4279289479943673,
        0.4392597178759159,
        0.4357168714410014
    ]
}