{
    "train_losses": [
        3.4027946417261683,
        2.7726481847085025,
        2.6278915071782225,
        2.551539943981023,
        2.493153858590163,
        2.4337757273103575,
        2.401472091490555,
        2.373161699617112,
        2.347892990805082,
        2.332782350515103,
        2.3006455247884925,
        2.279193838652356,
        2.2636352113262395,
        2.2500924201800245,
        2.2352114656056283,
        2.2160759858407046,
        2.2036053821145107,
        2.188607915015272,
        2.183250339174934,
        2.1735858943952473,
        2.1584963654808504,
        2.149549894023347,
        2.1391588012807334,
        2.133402696440725,
        2.1316017094867123,
        2.1087804362983937,
        2.1041965996832164,
        2.102732424481759,
        2.091220949035155,
        2.0882963260874683,
        2.0745828323975966,
        2.077655158510901,
        2.064004245920933,
        2.0617310814732193,
        2.059706524313878,
        2.052234771078484,
        2.0469368671339114,
        2.0434635685068745,
        2.0400226544560014,
        2.0332450697189874,
        2.031637682888939,
        2.030823459673149,
        2.0221451774262573,
        2.018360597549303,
        2.021195753740933,
        2.015569855846246,
        2.0101317009748962,
        2.0052133910991308,
        2.005225605629327,
        2.0011976805315506
    ],
    "val_greedy_bleus": [
        0.22652302332403765,
        0.23993381997673405,
        0.2445580639782742,
        0.24568862989737522,
        0.24471169709430923,
        0.2507843940664264,
        0.2514598996131626,
        0.2522799302156746,
        0.25277571102995494,
        0.2532161001399136
    ],
    "val_greedy_meteors": [
        0.4167615205303963,
        0.427260596138736,
        0.43324779272057706,
        0.43617237133350817,
        0.43514477223215325,
        0.44130958108377394,
        0.44133556645039995,
        0.4418974625102389,
        0.44151420508002237,
        0.4420525607592531
    ],
    "val_greedy_ciders": [
        0.70248897095552,
        0.7435610624743539,
        0.7730059111009759,
        0.7789827997408049,
        0.7818740837704629,
        0.7948322605798683,
        0.795464494816963,
        0.803785195827006,
        0.8010059161441992,
        0.7999944424542995
    ],
    "val_beam_bleus": [
        0.2520440755406271,
        0.26200253112846655,
        0.2666701947730156,
        0.2701799972632166,
        0.26789106577755833,
        0.27356014501159975,
        0.2728560375452693,
        0.27360367901704324,
        0.2752853745257476,
        0.2768873451537603
    ],
    "val_beam_meteors": [
        0.4256385453727496,
        0.43262841141775593,
        0.4407267761879487,
        0.44286262734962034,
        0.4421339145281924,
        0.4461265037374005,
        0.44613617124866867,
        0.4478466658496736,
        0.4489145029508269,
        0.4504293752545858
    ],
    "val_beam_ciders": [
        0.7468353461450489,
        0.7788524076330829,
        0.8074956167947483,
        0.8184998131473613,
        0.816464637153246,
        0.8272745889671411,
        0.8268616356811423,
        0.8351233378689655,
        0.8368161723877235,
        0.8406155253063028
    ]
}