{
    "train_losses": [
        4.731857674542596,
        4.161346056882073,
        4.038555573295144,
        3.9654713798971737,
        3.914307362051571,
        3.861755412045647,
        3.842034396564259,
        3.820130735846127,
        3.8045717749876133,
        3.7839689080855425,
        3.766923359702615,
        3.753541748383466,
        3.757462053859935,
        3.7375878362094657,
        3.734130812252269,
        3.71839272330789,
        3.7096913360146915,
        3.7049527740478516,
        3.696683671053718,
        3.6931883553897635,
        3.688184772940243,
        3.679546392104205,
        3.6681701374053954,
        3.6771336157181684,
        3.6752071229149315,
        3.657895849452299,
        3.6586601117077997,
        3.653881285611321,
        3.644765761319329,
        3.643958249933579,
        3.642086509816787,
        3.6418943522958194,
        3.6394200072569007,
        3.641080727296717,
        3.6339058797499715,
        3.6321262959872973,
        3.635755200105555,
        3.6314657906924976,
        3.629455458136166,
        3.628279374627506,
        3.625666898839614,
        3.620592486437629,
        3.6213714868882123,
        3.6230069053874296,
        3.6171271688797892,
        3.616817055870505,
        3.610684648401597,
        3.6126135281955496,
        3.608569180544685,
        3.617005844116211
    ],
    "val_greedy_bleus": [
        0.11710232518478501,
        0.09177166060387636,
        0.12123352259309661,
        0.09663887322128173,
        0.06972029880586893,
        0.09036516352874187,
        0.03128394225932605,
        0.06275476051142885,
        0.06054225878864873,
        0.06674238181907281
    ],
    "val_greedy_meteors": [
        0.23974320527500978,
        0.21400279986322035,
        0.22311066449556088,
        0.24403105106859926,
        0.2605878078227826,
        0.250771880942277,
        0.20775413430582687,
        0.23803129525214362,
        0.228722722967646,
        0.23944585710376495
    ],
    "val_greedy_ciders": [
        0.08351776346526342,
        0.034374838957717285,
        0.02554106898130839,
        0.02950533907100459,
        0.03962974121101525,
        0.05859536424235579,
        0.0007828880202907951,
        0.03509973675294834,
        0.022715983536199424,
        0.032927741120475876
    ],
    "val_beam_bleus": [
        0.06992229248042903,
        0.08534178863725794,
        0.12665446205268832,
        0.10829550618174338,
        0.11529148441526756,
        0.11352027920738905,
        0.07484767066773591,
        0.11529148441526756,
        0.11138603618639957,
        0.10537674743886477
    ],
    "val_beam_meteors": [
        0.20356445199153944,
        0.269803764331032,
        0.22751169781866545,
        0.24625469634302632,
        0.27277304747997855,
        0.2896054194354428,
        0.26580971900362516,
        0.27277304747997855,
        0.2828871311893175,
        0.24980387080277017
    ],
    "val_beam_ciders": [
        0.08441727051092121,
        0.07432285636752033,
        0.02569929419412527,
        0.06289392201243398,
        0.04109962830486294,
        0.08947087882720281,
        0.08266753295032102,
        0.04109962830486293,
        0.08429063857449824,
        0.07409056655066179
    ]
}