{
    "train_losses": [
        4.196152356161032,
        3.2311403486054315,
        2.9491386634673367,
        2.814274641977396,
        2.722762548941917,
        2.6501718053861967,
        2.600017645996542,
        2.5650000516929805,
        2.5339127371816033,
        2.5046142319438998,
        2.477947373294388,
        2.4497459141143136,
        2.439670954089629,
        2.4233261595553555,
        2.4095667952547855,
        2.388639822256805,
        2.369679036059372,
        2.3611409572029407,
        2.351911084176584,
        2.3484432892600386,
        2.331167352991826,
        2.319412844626944,
        2.3166389855940523,
        2.3056801839442307,
        2.2996236629427123,
        2.2927330900012435,
        2.2849285834723685,
        2.2767917885109665,
        2.2733327078487626,
        2.2697725635039196,
        2.2629129776077623,
        2.2551963399329913,
        2.254827312008122,
        2.2527634408411323,
        2.242781775812093,
        2.2434766568945954,
        2.237572424378609,
        2.234404394762962,
        2.2309074002034515,
        2.2255532993968155,
        2.2242173205203213,
        2.221432886499526,
        2.220072239222814,
        2.2127735552131855,
        2.2108749512358465,
        2.213880892699063,
        2.209246893386015,
        2.20705081229969,
        2.203639015163852,
        2.199785480174989
    ],
    "val_greedy_bleus": [
        0.23274206298190658,
        0.24345052184421226,
        0.24585999565781458,
        0.253822610424373,
        0.2537342601366309,
        0.25539918150543156,
        0.2578485462266023,
        0.2569520872092249,
        0.25831870409843627,
        0.2595612144616765
    ],
    "val_greedy_meteors": [
        0.41176862874378706,
        0.4265527591128135,
        0.43210381731944986,
        0.4359630163243842,
        0.4390577829542704,
        0.4423257894207118,
        0.4429943252540396,
        0.4424234848799119,
        0.4436327468998945,
        0.44425701696945163
    ],
    "val_greedy_ciders": [
        0.7034928693501328,
        0.7532897736047975,
        0.7704781287513349,
        0.7905806959941194,
        0.7979421831895569,
        0.8062005944094986,
        0.8118713857598219,
        0.8114667897696338,
        0.8148705554199178,
        0.8195660409513517
    ],
    "val_beam_bleus": [
        0.2582022158058742,
        0.2694814689827228,
        0.27353825547406485,
        0.2777774898027801,
        0.277672323463479,
        0.280238046104038,
        0.27869526975613784,
        0.28072993168376487,
        0.28066386624989403,
        0.28246784657105006
    ],
    "val_beam_meteors": [
        0.41530725893950876,
        0.43862616481341693,
        0.4403187732626274,
        0.44232848645859213,
        0.44654056878519327,
        0.4506129863345049,
        0.44998769813210665,
        0.4505739056726551,
        0.45100772454397337,
        0.4514619045293955
    ],
    "val_beam_ciders": [
        0.7373650074073519,
        0.8041849152001005,
        0.8152731847354207,
        0.8271698929986433,
        0.8356511790221055,
        0.8436456811375971,
        0.8438245453767492,
        0.8484179254106665,
        0.8514505426629777,
        0.8534838258908998
    ]
}