{
    "train_losses": [
        3.554455866400941,
        2.8436905683653064,
        2.6757217371113704,
        2.5888595835318706,
        2.5237196919722757,
        2.460283215852941,
        2.416951385679348,
        2.3935215616889494,
        2.373989496754347,
        2.3468175603212122,
        2.312221089876048,
        2.2958669644050658,
        2.286181996926274,
        2.2709146495764556,
        2.2567010111934067,
        2.240827780879078,
        2.224545595819099,
        2.216907999430779,
        2.198973513183859,
        2.191945947580028,
        2.184104367422726,
        2.1715854410041797,
        2.165760878341091,
        2.1583756282119517,
        2.1543424517330836,
        2.1419047528109187,
        2.1350525678401753,
        2.1256889639166077,
        2.1221587402743203,
        2.1152583883939977,
        2.105546497487948,
        2.101898032325497,
        2.097467153389266,
        2.0956786596424983,
        2.092289854514728,
        2.0839689261577967,
        2.0801730836745946,
        2.080537190945845,
        2.070300452123285,
        2.076587462351532,
        2.063099718628195,
        2.0606311652723015,
        2.062532461408117,
        2.055483879777711,
        2.057518426012219,
        2.0466693402994913,
        2.0450230414937414,
        2.0420057233739675,
        2.0449011794750622,
        2.0385095381294556
    ],
    "val_greedy_bleus": [
        0.2312691345780422,
        0.2344521150718875,
        0.2446343715788778,
        0.2503796365030971,
        0.2497416749900525,
        0.25291404306790805,
        0.25648434882624754,
        0.2574805427039885,
        0.2584937573888182,
        0.2572916843574312
    ],
    "val_greedy_meteors": [
        0.4190802019013526,
        0.4260454764624105,
        0.43101570542078105,
        0.4364100798507222,
        0.43899630178046173,
        0.44243665855086706,
        0.44433077750096844,
        0.44504764406566943,
        0.445814077240597,
        0.4456629596827799
    ],
    "val_greedy_ciders": [
        0.7201388717290915,
        0.7488320097582261,
        0.7738828089024384,
        0.7883978806258526,
        0.7918869711493145,
        0.8048887392672778,
        0.8088982321878554,
        0.8133811447516269,
        0.8149505596892365,
        0.8196292124164686
    ],
    "val_beam_bleus": [
        0.25712851789761854,
        0.25962699973107584,
        0.2674270878458119,
        0.27036027333297374,
        0.27202183803559843,
        0.2738380729517538,
        0.2736660874449686,
        0.2761228281213819,
        0.2778154156361087,
        0.2761791662141581
    ],
    "val_beam_meteors": [
        0.43020725671300364,
        0.43531127209807313,
        0.44043954393373874,
        0.4422948570225248,
        0.4467383007417933,
        0.4493129323801276,
        0.44925742587656436,
        0.45105877115594173,
        0.4510251549934546,
        0.449908501411549
    ],
    "val_beam_ciders": [
        0.7736424567901548,
        0.7859145433457385,
        0.8119547393973224,
        0.8212377295443827,
        0.8266384526147583,
        0.8370005768004509,
        0.8367043881467909,
        0.843023467565552,
        0.8429303210815745,
        0.844004535963125
    ]
}