{
    "train_losses": [
        4.382655620574951,
        3.9479737506193273,
        4.274542559455423,
        4.341819509057438,
        4.299669391968671,
        4.117863600674798,
        4.196076955795288,
        4.115193049486946,
        4.111209464914658,
        4.282791527579812,
        4.142738481970395,
        3.9876167084189023,
        3.9640322017669676,
        3.9821881630841425,
        3.98696525629829,
        3.9100779774609733,
        3.8987711418376247,
        3.8395981154722327,
        3.8519390347424673,
        3.8812967003093046,
        3.8543692358802346,
        3.86205247037551,
        3.788931418026195,
        3.7346088392594283,
        3.7256125988679774,
        3.6753502357707304,
        3.6523809921040256,
        3.6421733912299663,
        3.6459442722096163,
        3.6223600926118737,
        3.615176363552318,
        3.5885639319700355,
        3.574251028509701,
        3.5515231996424057,
        3.540148181354298,
        3.534811421562644,
        3.520788387410781,
        3.52373117166407,
        3.5099340494941265,
        3.5136576607648062,
        3.4937995820886947,
        3.4809240694607007,
        3.4648594345765957,
        3.469459015341366,
        3.453864323111141,
        3.4409662538416246,
        3.4335532872817094,
        3.4348669293347527,
        3.421673303491929,
        3.41827577086056
    ],
    "val_greedy_bleus": [
        0.03953040740986087,
        0.10398689240922473,
        0.09957661123790434,
        0.08271798852651317,
        0.11367422447836391,
        0.12172156417013089,
        0.0944640411521006,
        0.11668964324055855,
        0.1187416558953017,
        0.11215299687879851
    ],
    "val_greedy_meteors": [
        0.21699248527027865,
        0.26504853530122335,
        0.28523565644122373,
        0.2760305176785397,
        0.27431206110584583,
        0.27747053726698556,
        0.27279600540666143,
        0.2751358140164564,
        0.2747677399357205,
        0.2840594121257161
    ],
    "val_greedy_ciders": [
        0.030862668403779523,
        0.0707974766122102,
        0.09306695346695786,
        0.07717023969842701,
        0.07674447351396535,
        0.0850043104487655,
        0.07492510215198177,
        0.08414713319914523,
        0.09186646620112468,
        0.0940360536210117
    ],
    "val_beam_bleus": [
        0.11396293708066951,
        0.09940229277784468,
        0.09945618190499876,
        0.08965551851817208,
        0.12163259626845559,
        0.10884775836335941,
        0.09887027746465933,
        0.11996088545535716,
        0.12001329375871496,
        0.11856040114931486
    ],
    "val_beam_meteors": [
        0.27951115924430253,
        0.26121306234888114,
        0.2900257789395563,
        0.2781842363586632,
        0.27716018084896965,
        0.27695811402252424,
        0.27966651007740895,
        0.27957911544873787,
        0.2761694251363073,
        0.2821510408649851
    ],
    "val_beam_ciders": [
        0.08348971760067782,
        0.07320320548933001,
        0.09339035832180827,
        0.08299917684006838,
        0.09362467960775034,
        0.08958797710822038,
        0.07990343896370834,
        0.08792930092602648,
        0.09960904527895584,
        0.10068842851192396
    ]
}