{
    "train_losses": [
        5.437109470367432,
        4.695512771606445,
        4.036799510320027,
        3.941854238510132,
        3.8110547065734863,
        3.712697982788086,
        3.567724863688151,
        3.459411144256592,
        3.314264933268229,
        3.157536029815674,
        3.0277304649353027,
        2.9187521934509277,
        2.8685738245646157,
        2.773775259653727,
        2.7162249088287354,
        2.628178278605143,
        2.5701800187428794,
        2.5729664961496987,
        2.530211925506592,
        2.3982218901316323,
        2.401794672012329,
        2.322267770767212,
        2.3400725523630777,
        2.2948660055796304,
        2.2166566054026284,
        2.183543602625529,
        2.2044344743092856,
        2.066828886667887,
        2.0868000984191895,
        2.061405817667643,
        2.1085553963979087,
        2.0761908292770386,
        1.985857884089152,
        1.9649444421132405,
        2.0110217332839966,
        1.901219407717387,
        1.9609403610229492,
        1.9169000387191772,
        1.9124633471171062,
        1.8470693031946819,
        1.856063961982727,
        1.7947905858357747,
        1.7675856749216716,
        1.7782864967981975,
        1.7994637091954548,
        1.7981226046880086,
        1.7463062604268391,
        1.6924184958140056,
        1.7775883674621582,
        1.6954591274261475
    ],
    "val_greedy_bleus": [
        0.0,
        0.04927197093294184,
        0.03355063518363888,
        0.062069226945385546,
        0.02067459619786239,
        0.05375752388565847,
        0.07041046707935371,
        0.04649658285095586,
        0.03384340204837691,
        0.059307425234709985
    ],
    "val_greedy_meteors": [
        0.06548753665203186,
        0.166229401663546,
        0.1672401964591611,
        0.2191314182135159,
        0.18722803362578147,
        0.23408468944147204,
        0.23913701346900884,
        0.2484009430783977,
        0.22548588222526325,
        0.2669890880287827
    ],
    "val_greedy_ciders": [
        0.004911172518723049,
        0.03707888363410043,
        0.05315049680291583,
        0.07039967611656829,
        0.017277205735983337,
        0.08021349589069686,
        0.08772151329722803,
        0.052735601879883465,
        0.04618932878946645,
        0.09015330266371509
    ],
    "val_beam_bleus": [
        0.0,
        0.12051126789953183,
        0.08991159118552797,
        0.09141483901583893,
        0.06617672610637124,
        0.06674487726308058,
        0.12075872540975098,
        0.09007285260594367,
        0.043811495820177106,
        0.08362530964110668
    ],
    "val_beam_meteors": [
        0.04517542945014256,
        0.1993923762787061,
        0.21141480954883204,
        0.2430501806866517,
        0.23760288002442778,
        0.24203012146196987,
        0.26352201269578535,
        0.24623339882774053,
        0.21675640529618018,
        0.27896670468502943
    ],
    "val_beam_ciders": [
        0.0004647162146943103,
        0.0523022520811651,
        0.0721756966303512,
        0.09982418380969521,
        0.10239200359990228,
        0.09602371389625511,
        0.1277196567976703,
        0.0948664109012039,
        0.06997334701030539,
        0.10791877781364263
    ]
}