{
    "train_losses": [
        4.9001989834745165,
        3.9247612483064893,
        3.6544255717819287,
        3.4827287286659923,
        3.3823372690890317,
        3.281465504650779,
        3.2121841918694582,
        3.178543597879544,
        3.122160789552429,
        3.0870691286006444,
        3.051503665010694,
        3.010733669352643,
        2.9909503706184353,
        2.9619300320674555,
        2.9466139665791684,
        2.9111568334516784,
        2.899470408757528,
        2.8854874837006763,
        2.861719910527619,
        2.8522129439412147,
        2.828816468726861,
        2.820017719492666,
        2.8012056999922916,
        2.784983735688975,
        2.7862492671035266,
        2.761385741927814,
        2.752909714067486,
        2.7464797563955816,
        2.734107191014178,
        2.7285010781086667,
        2.711382899485843,
        2.7010474484851104,
        2.708639426970146,
        2.697954144276364,
        2.6973380359685475,
        2.678269882157375,
        2.672335513880555,
        2.678742227420001,
        2.6625989804245496,
        2.6595105609983345,
        2.6470063616972013,
        2.6512027547952717,
        2.6409349396754878,
        2.639127125762438,
        2.6397357916048434,
        2.631498326717968,
        2.626260869379894,
        2.619562474774643,
        2.6143625767577983,
        2.6103182891165146
    ],
    "val_greedy_bleus": [
        0.17013967099657915,
        0.1828661663945306,
        0.19533374860274502,
        0.20681850025923582,
        0.1913162833208679,
        0.19409754039846866,
        0.20393728440793205,
        0.19670618680922677,
        0.20325577819813495,
        0.1965425779710092
    ],
    "val_greedy_meteors": [
        0.36027390289745975,
        0.3704269309407277,
        0.37573081643995254,
        0.37614999067544547,
        0.3803255142684547,
        0.3800075503760254,
        0.3820491987318901,
        0.3790180631683954,
        0.3781430804628275,
        0.38023618669966736
    ],
    "val_greedy_ciders": [
        0.33420645215239136,
        0.37569676547407244,
        0.4008340109646648,
        0.4140955807918605,
        0.4076228820892079,
        0.40965961489826197,
        0.4329713609948404,
        0.414901795610667,
        0.41932042855140783,
        0.4118997008998867
    ],
    "val_beam_bleus": [
        0.19829166455087327,
        0.2081749484159899,
        0.2134653660715045,
        0.2266098885080767,
        0.21343926717203315,
        0.21965363923518041,
        0.22372639651925544,
        0.21940311380562832,
        0.22469238464415892,
        0.22095106484595808
    ],
    "val_beam_meteors": [
        0.36427712707488485,
        0.375558926587978,
        0.3758424753033634,
        0.3786696708424004,
        0.38342375520763194,
        0.38688741589995174,
        0.3862558219451747,
        0.38269498411143055,
        0.38317160017612356,
        0.38533347331079715
    ],
    "val_beam_ciders": [
        0.36669203541932804,
        0.4100353459725094,
        0.4248278777392372,
        0.44103909147096315,
        0.4417574875530527,
        0.4516783905739459,
        0.453816986970185,
        0.44579858027836405,
        0.4506588968426253,
        0.44888629656147305
    ]
}