{
    "train_losses": [
        4.783193684519737,
        3.818133679913803,
        3.541867346830771,
        3.39045400686667,
        3.286911920762398,
        3.1812614790150815,
        3.1272312117294527,
        3.0666154986815832,
        3.0275344098677657,
        2.9850901594744044,
        2.9460944748820275,
        2.9190391318898805,
        2.885621966330658,
        2.857038055787064,
        2.841802501902334,
        2.810370915372607,
        2.7911990170187795,
        2.772497014820296,
        2.7628768833590227,
        2.741240813698567,
        2.719120979309082,
        2.7024167300389967,
        2.6991449096393136,
        2.683097647949004,
        2.6709345495197137,
        2.6525297612651415,
        2.6460175558994634,
        2.635185374900209,
        2.629036080669349,
        2.6045298789028832,
        2.605839643120206,
        2.592375617631724,
        2.5872957113203308,
        2.5862751152593764,
        2.5681193490543275,
        2.5578752045340383,
        2.55922209712821,
        2.552905430816149,
        2.543117038520849,
        2.5388086010032977,
        2.529367773745541,
        2.526609953580328,
        2.521560551415027,
        2.5198202659266657,
        2.517343859157652,
        2.5072474322968246,
        2.5055806950224397,
        2.5034209741673,
        2.499282465294493,
        2.484187238093273
    ],
    "val_greedy_bleus": [
        0.1635650461136291,
        0.15322459941318278,
        0.17034649503071125,
        0.16694364961718197,
        0.18284027131764732,
        0.1714754553833482,
        0.17048800654976665,
        0.17327809471155303,
        0.17437842301865078,
        0.17567745337322963
    ],
    "val_greedy_meteors": [
        0.3444777182340342,
        0.35708126900857456,
        0.36703269294370205,
        0.36789502379538513,
        0.3632203587168769,
        0.3675138991676554,
        0.36762995110421387,
        0.37041668532414007,
        0.3692049839808233,
        0.3668272118733498
    ],
    "val_greedy_ciders": [
        0.3014852943777211,
        0.3135420104376189,
        0.3431501657079274,
        0.3568916176351754,
        0.37535219965517347,
        0.362219737588761,
        0.35595047754384673,
        0.36896552226171236,
        0.3694464294928024,
        0.36620292880094124
    ],
    "val_beam_bleus": [
        0.18437039268068658,
        0.17671606215009455,
        0.18712144515354162,
        0.18845947536118024,
        0.19957905571957862,
        0.20039810378768488,
        0.1936950732379552,
        0.19485558603306544,
        0.20142988103194026,
        0.1972661928516015
    ],
    "val_beam_meteors": [
        0.3461030084890559,
        0.36582467015133796,
        0.36571080387308214,
        0.36981161449792305,
        0.3678072541573852,
        0.3738265284833536,
        0.36838088009892517,
        0.37049450274206697,
        0.37202052666201785,
        0.36983905640483533
    ],
    "val_beam_ciders": [
        0.32766993778993125,
        0.3572879558589485,
        0.3737061874231506,
        0.3862418925841935,
        0.39900877928919753,
        0.4092540815371795,
        0.39040844406854197,
        0.39763867150619886,
        0.40947521217583277,
        0.3953458797681053
    ]
}