{
    "train_losses": [
        4.584392692001773,
        3.7905369129539097,
        3.53004871287816,
        3.3757631890650646,
        3.2660215080064225,
        3.16659006490394,
        3.1033883441781773,
        3.048943602423153,
        3.007310171082546,
        2.9691764177850715,
        2.9229313308644183,
        2.8918291940375673,
        2.861320251590209,
        2.8380334769056437,
        2.813124081338515,
        2.7913448351649612,
        2.756358692903474,
        2.740460971151719,
        2.725378174177358,
        2.714158333523173,
        2.6930944371111516,
        2.666156718428706,
        2.6543918517833585,
        2.6459845780206956,
        2.6387556461101407,
        2.6160145914050896,
        2.601268539965992,
        2.5979075610917497,
        2.582177456555792,
        2.5725612371740207,
        2.5590170694628793,
        2.5571613457281264,
        2.5445930207839034,
        2.5386211301239445,
        2.5297721394910497,
        2.525288100533642,
        2.5143264582459355,
        2.5110258048688863,
        2.501483232202664,
        2.4991296087632158,
        2.4900982267979725,
        2.4814050152827876,
        2.4748313617258564,
        2.4766930436864145,
        2.469468551062642,
        2.4647330230390523,
        2.463228808882091,
        2.4565259962574415,
        2.455584679411051,
        2.451382446736797
    ],
    "val_greedy_bleus": [
        0.1475511051414204,
        0.1526303238532287,
        0.1454974910536592,
        0.17099453861006925,
        0.16928157189674656,
        0.17256359464523993,
        0.16517320198685545,
        0.1711111678299397,
        0.17222428328466446,
        0.16992892331250606
    ],
    "val_greedy_meteors": [
        0.32553584791910756,
        0.3412937515037103,
        0.34356199303742646,
        0.3536660432959025,
        0.35914296315320526,
        0.3572024449011276,
        0.3568571985655451,
        0.36202003490799406,
        0.35863049051942925,
        0.35695176654158567
    ],
    "val_greedy_ciders": [
        0.22982364741450498,
        0.27951703943444567,
        0.26627011834762676,
        0.3190693406416424,
        0.32889608701665074,
        0.3288899122883691,
        0.3248908423911052,
        0.33882093063517943,
        0.3340295475901061,
        0.33834436209863367
    ],
    "val_beam_bleus": [
        0.16814880869710194,
        0.16336649865066533,
        0.1622669637491511,
        0.18237545941069916,
        0.1878102938009686,
        0.1897598659319551,
        0.18393235724847673,
        0.1894183762250217,
        0.19089041035186452,
        0.19038220098051722
    ],
    "val_beam_meteors": [
        0.3314748999451154,
        0.34241708933947324,
        0.34959418552247634,
        0.3547636705928729,
        0.35922823546228855,
        0.3587817970625792,
        0.3582199169586814,
        0.36429691914410195,
        0.363617490028049,
        0.36425316367776056
    ],
    "val_beam_ciders": [
        0.26714982494812684,
        0.2993876746243789,
        0.3167798342702216,
        0.33896214719450074,
        0.35614948375482786,
        0.3553183966814648,
        0.351316693276769,
        0.3618913192833452,
        0.36379825124648235,
        0.3633727855954257
    ]
}