{
    "train_losses": [
        4.475408520497067,
        3.6342447554001787,
        3.4027695734176278,
        3.267182626634696,
        3.1504306267124944,
        3.059502045313517,
        3.0008774687986417,
        2.9381193431890065,
        2.9027744190233973,
        2.861608777247684,
        2.8071535652232282,
        2.7762491042625177,
        2.735919118487219,
        2.707354828785283,
        2.695329081844276,
        2.650495149719883,
        2.622384032173336,
        2.6014014879862466,
        2.575803151153063,
        2.5664172161353025,
        2.531796289721565,
        2.51751223304462,
        2.497591430592425,
        2.4776590743535003,
        2.469895769172991,
        2.450198256353817,
        2.429896427432136,
        2.4239596872822218,
        2.4111558943287306,
        2.4006387672513863,
        2.3838503662969024,
        2.3729273713250674,
        2.360110735109714,
        2.352911542838728,
        2.3442577319525775,
        2.3268075817627527,
        2.318640005980299,
        2.3060337859140314,
        2.2977999398406124,
        2.2969314313270677,
        2.286747324634606,
        2.2732280587926157,
        2.2655160124872773,
        2.2616146595825053,
        2.255183824351136,
        2.2528510127269046,
        2.2429097784516956,
        2.2308799470534346,
        2.2350679372957614,
        2.232320425096252
    ],
    "val_greedy_bleus": [
        0.17943562598844104,
        0.1833629366473522,
        0.19940491061242488,
        0.19691637978362211,
        0.19575470346196858,
        0.19590437368133556,
        0.19706085653850516,
        0.19776607281161748,
        0.19620124932388577,
        0.1945449873366732
    ],
    "val_greedy_meteors": [
        0.36232135530753556,
        0.3723308295583871,
        0.3751469518179618,
        0.3711821323606071,
        0.37634449149071714,
        0.38512694612170706,
        0.3848989791543634,
        0.381563637150335,
        0.3849277741059871,
        0.3841786696458484
    ],
    "val_greedy_ciders": [
        0.3519053023849126,
        0.38554038930342827,
        0.40608591058919646,
        0.4187415672752674,
        0.40135097767676764,
        0.42616111357129344,
        0.42360334586747506,
        0.4192020702765201,
        0.42968619329368624,
        0.422237839611962
    ],
    "val_beam_bleus": [
        0.20029538816304776,
        0.2064646761814126,
        0.2204180950893877,
        0.21767426158420522,
        0.216134154354774,
        0.2181212511240638,
        0.2169461891077519,
        0.21445643397344502,
        0.21371623873978113,
        0.21143964568225282
    ],
    "val_beam_meteors": [
        0.3671878189156672,
        0.37335753002213984,
        0.3855608107764025,
        0.37618116507244603,
        0.3789304631673237,
        0.3837814948056432,
        0.38422391219441976,
        0.3803430914721781,
        0.3842019715063812,
        0.3820351762020482
    ],
    "val_beam_ciders": [
        0.39122991325680795,
        0.40847790905626175,
        0.4435101304847742,
        0.4415466121388602,
        0.4277046050483035,
        0.45371725588084033,
        0.44642415864710394,
        0.443465963373795,
        0.44706727457688866,
        0.4419594766446672
    ]
}