{
    "train_losses": [
        3.4094837434140755,
        2.9181421610081952,
        2.794802587036003,
        2.7292564073707073,
        2.6737247320378583,
        2.6116745569606468,
        2.5823228806948184,
        2.556675777553222,
        2.5357970848702576,
        2.5169360772166773,
        2.4795374319394923,
        2.462280831897093,
        2.4527250428840954,
        2.441306549762095,
        2.4300100105070443,
        2.405049877244133,
        2.3933403676223164,
        2.3882752087606343,
        2.379654437718104,
        2.370840870247005,
        2.34980967387534,
        2.3425524745142257,
        2.3385928522858777,
        2.328498427153002,
        2.3298006636282023,
        2.310966430528455,
        2.306140760181492,
        2.3025859941655002,
        2.2989175965465387,
        2.293719010430473,
        2.281553438310461,
        2.27695387316266,
        2.276701923500073,
        2.270477965220786,
        2.2688274151390817,
        2.2535582684107136,
        2.2516334526689934,
        2.252566091981148,
        2.248867818432208,
        2.244290112067227,
        2.240410138410984,
        2.234300370378509,
        2.234006313765436,
        2.2324950379971558,
        2.226690757403602,
        2.223599346288389,
        2.222372936133808,
        2.2184947685812135,
        2.2149529979439015,
        2.2153759601495735
    ],
    "val_greedy_bleus": [
        0.23488264542238552,
        0.24327266449935078,
        0.23978633433084262,
        0.239126541042562,
        0.2525794426903404,
        0.25163236395890304,
        0.2503154979969073,
        0.2546115776263652,
        0.25976810219096447,
        0.2536179044153435
    ],
    "val_greedy_meteors": [
        0.4044866348266061,
        0.4285017319250068,
        0.42858267486139945,
        0.4283878265504278,
        0.4380172611334039,
        0.43717032123421,
        0.43673722944424936,
        0.439969281467812,
        0.4405344912567649,
        0.43906502348429793
    ],
    "val_greedy_ciders": [
        0.6887434482022337,
        0.752062247223561,
        0.7619299694500498,
        0.7660058928134332,
        0.7940215326770266,
        0.7937331157446728,
        0.7901965303901894,
        0.805573336833203,
        0.8113158027989621,
        0.8004130690731591
    ],
    "val_beam_bleus": [
        0.2560955994882619,
        0.26458524159007696,
        0.26659491024832116,
        0.27624951701006556,
        0.2779983386803668,
        0.27576271794029533,
        0.2819009098601917,
        0.2838071281630143,
        0.2863787418571651,
        0.285008528480095
    ],
    "val_beam_meteors": [
        0.40922722480520074,
        0.43044737602941974,
        0.43923926363953714,
        0.43930939630004745,
        0.44271331219732485,
        0.4435960155175295,
        0.44640970143878367,
        0.44846370672752817,
        0.44925518645525925,
        0.44895114670902875
    ],
    "val_beam_ciders": [
        0.7266004797053819,
        0.7764647636802228,
        0.8119606599154212,
        0.8230077914865471,
        0.8296792246949402,
        0.8266286298673708,
        0.8385240709380857,
        0.8481726732132739,
        0.8532476081338971,
        0.852895370469713
    ]
}