{
    "train_losses": [
        4.750840208951165,
        3.984469362146714,
        3.723764372993918,
        3.543923682044534,
        3.4243939399719237,
        3.328008067748126,
        3.2591948211894315,
        3.2022043385225185,
        3.145870117860682,
        3.1052721780889176,
        3.0656943831724277,
        3.0328852990094353,
        3.005813851076014,
        2.974102793861838,
        2.9500532868329215,
        2.935105899362003,
        2.9073374535055723,
        2.8880821592667525,
        2.8693787686965044,
        2.850743430642521,
        2.838038242003497,
        2.8267885724235984,
        2.8104613040475286,
        2.8024333353603588,
        2.7858235617244946,
        2.7739855440925147,
        2.763166057923261,
        2.7550797294167912,
        2.7442912371018355,
        2.740400635775398,
        2.7276433753967284,
        2.7186342604020064,
        2.711100548575906,
        2.7074391651153564,
        2.7015194191652188,
        2.691875296200023,
        2.685899818644804,
        2.6816586096146526,
        2.6762542000938865,
        2.6736926146114572,
        2.6640773077572093,
        2.662354595520917,
        2.6494119666604434,
        2.6500373430813062,
        2.6448007325565115,
        2.644761340197395,
        2.6417273588741526,
        2.6440109634399414,
        2.628515365263995,
        2.626549508711871
    ],
    "val_greedy_bleus": [
        0.12013608534455159,
        0.16336607640377335,
        0.17171327704717554,
        0.1740920261270209,
        0.17188768880062819,
        0.1686148318312169,
        0.1697171604469472,
        0.16957137650606144,
        0.17256527145585276,
        0.1706327879108182
    ],
    "val_greedy_meteors": [
        0.31307600835019,
        0.33871162845602587,
        0.34874868986816415,
        0.35373066049997365,
        0.3559988435295209,
        0.35559710217020896,
        0.35569230662468404,
        0.35742083636964156,
        0.3595438903323738,
        0.35920508884310837
    ],
    "val_greedy_ciders": [
        0.1957443518349292,
        0.2755260697906323,
        0.30469181982864735,
        0.3138744331973791,
        0.31950278998021536,
        0.32302385272112355,
        0.3286700865930124,
        0.33279639314639936,
        0.3349296719961898,
        0.33404496462437405
    ],
    "val_beam_bleus": [
        0.15296353547952088,
        0.17926147125082695,
        0.18334305462586378,
        0.18482797221010533,
        0.18967311863651318,
        0.18503358932675992,
        0.18792647037602506,
        0.18625564897948096,
        0.18978622870305814,
        0.1866751389803335
    ],
    "val_beam_meteors": [
        0.32848173068837494,
        0.34501393278484893,
        0.3519805163643667,
        0.3574624033132539,
        0.3599198953973295,
        0.3583476891811238,
        0.3599128745569239,
        0.36309879346153584,
        0.36255767090663654,
        0.36090743130084185
    ],
    "val_beam_ciders": [
        0.2404064891286354,
        0.30512023802529414,
        0.3334395228998791,
        0.3404419969403323,
        0.36038975300561543,
        0.35292363199010945,
        0.36677895015736356,
        0.36776935477270023,
        0.3674503261309484,
        0.36206458057950847
    ]
}