{
    "train_losses": [
        4.103732440611895,
        3.4248917445014504,
        3.2303953815908995,
        3.1151357460021973,
        3.030518366869758,
        2.9096267094331627,
        2.8410686369503244,
        2.792611485088573,
        2.7501622401966768,
        2.7137326521031997,
        2.6332708639257096,
        2.587523563048419,
        2.5539753588508156,
        2.5192626925075756,
        2.5070900586072136,
        2.442827474930707,
        2.404393887800329,
        2.379672679901123,
        2.355220775043263,
        2.330423650741577,
        2.2841990512960098,
        2.2504535955541276,
        2.2315451658473293,
        2.213373632992015,
        2.1892221891178805,
        2.157859052209293,
        2.128026086021872,
        2.1017814501594096,
        2.097117846152362,
        2.0792236583373125,
        2.04423947614782,
        2.0179217728446512,
        2.005549718071433,
        1.9835688380634084,
        1.9734241746453678,
        1.9591081103156596,
        1.9380715673110065,
        1.9231825929529527,
        1.9133552772858564,
        1.9012510852252735,
        1.8742866000007181,
        1.8600366987901575,
        1.8472245841867783,
        1.8325234174728393,
        1.831176127545974,
        1.8035822175530827,
        1.8039972080903894,
        1.7905875292946312,
        1.7888569240009085,
        1.7778633409387925
    ],
    "val_greedy_bleus": [
        0.18623433303657783,
        0.19364009275709793,
        0.19294837103927442,
        0.19863348777451403,
        0.1736563571955819,
        0.1931533084004558,
        0.18642122963282287,
        0.18061013229936693,
        0.1847506467022019,
        0.18160231936231755
    ],
    "val_greedy_meteors": [
        0.36554884388796705,
        0.3776035665218051,
        0.38041097091811177,
        0.3882038747532707,
        0.3838394611600407,
        0.3847890545971888,
        0.38297766020902796,
        0.38200476924147114,
        0.3827210248862211,
        0.38062788619161203
    ],
    "val_greedy_ciders": [
        0.36499347157116036,
        0.3943470751814213,
        0.4129965199105396,
        0.4305506843294216,
        0.39417362864561145,
        0.4219106252085179,
        0.41547347793332756,
        0.41353925649706913,
        0.41040425918089196,
        0.4080942844864626
    ],
    "val_beam_bleus": [
        0.19915174489974358,
        0.20865933204671092,
        0.21134856626954587,
        0.21637971013318424,
        0.20000656081856563,
        0.21467587603663077,
        0.20678342808675132,
        0.20312577770916407,
        0.2060193048598775,
        0.20275391104663346
    ],
    "val_beam_meteors": [
        0.37167857605481,
        0.37632386805041546,
        0.38263279185981425,
        0.3886621960979129,
        0.3852448858619169,
        0.386648330864088,
        0.38330212533610386,
        0.3843725556779316,
        0.3846645031650698,
        0.38044533075292053
    ],
    "val_beam_ciders": [
        0.39654064535116895,
        0.416431384189286,
        0.442575022784493,
        0.4514402128486003,
        0.4373789635539255,
        0.4549441786310099,
        0.44231147599276716,
        0.4445611974688354,
        0.44952918974236367,
        0.4418275571163409
    ]
}