{
    "train_losses": [
        5.371375560760498,
        4.29901647567749,
        3.9685473442077637,
        3.8325687646865845,
        3.687002182006836,
        3.64213228225708,
        3.4800628423690796,
        3.5311999320983887,
        3.3810877799987793,
        3.2047029733657837,
        3.207577347755432,
        3.0939924716949463,
        3.0947532653808594,
        3.0536844730377197,
        2.976178765296936,
        2.891458034515381,
        2.8391937017440796,
        2.844951033592224,
        2.830349087715149,
        2.7733806371688843,
        2.711658000946045,
        2.746014356613159,
        2.6332249641418457,
        2.678041458129883,
        2.6940901279449463,
        2.6585910320281982,
        2.632857084274292,
        2.606779456138611,
        2.5428011417388916,
        2.5471829175949097,
        2.521632432937622,
        2.517220139503479,
        2.501760721206665,
        2.5511507987976074,
        2.4757678508758545,
        2.3710817098617554,
        2.4719531536102295,
        2.5086573362350464,
        2.3887399435043335,
        2.4484221935272217,
        2.390455484390259,
        2.3057280778884888,
        2.378334879875183,
        2.4365371465682983,
        2.330982208251953,
        2.3190306425094604,
        2.3459802865982056,
        2.2833954095840454,
        2.402127981185913,
        2.4070976972579956
    ],
    "val_greedy_bleus": [
        0.0,
        0.07282858461584049,
        0.04427213372985023,
        0.054881743462747816,
        0.05579784462035594,
        0.05067577437622815,
        0.06115273669325666,
        0.05916000369116433,
        0.08078539143034019,
        0.09809017506529981
    ],
    "val_greedy_meteors": [
        0.0727084688004114,
        0.20283527019599637,
        0.21101713269344374,
        0.2062413523925963,
        0.2043913192706775,
        0.22533097433356075,
        0.21328351522962177,
        0.2277979379915609,
        0.25681514950193235,
        0.25493658189498264
    ],
    "val_greedy_ciders": [
        0.0008553315432072148,
        0.04584143604792183,
        0.04098735251287407,
        0.04437497000485278,
        0.06332463474826666,
        0.06911612662823542,
        0.07251614343912303,
        0.06176278113687905,
        0.09886406250503338,
        0.1057542572031687
    ],
    "val_beam_bleus": [
        0.0,
        0.12698948187054993,
        0.07656684898836337,
        0.09097611865391247,
        0.09172165917946884,
        0.06148215867095411,
        0.0847761207363591,
        0.09007201919962907,
        0.0,
        0.0
    ],
    "val_beam_meteors": [
        0.09013047535296877,
        0.2283016467827063,
        0.21111989903216488,
        0.1934748375824607,
        0.18679456667861927,
        0.21292041356428423,
        0.21883802391914495,
        0.23596644649735465,
        0.22561663969231854,
        0.24556092218139158
    ],
    "val_beam_ciders": [
        0.0015354161360319055,
        0.0781134978244834,
        0.034633650316642124,
        0.06026878749184692,
        0.05534764411140702,
        0.07308731690586229,
        0.10242474450050251,
        0.10078560645943989,
        0.09804542195280608,
        0.14221922933252767
    ]
}