{
    "train_losses": [
        4.428800012925092,
        3.8112767999312456,
        3.630886033002068,
        3.5340059757232667,
        3.463062379500445,
        3.368172540103688,
        3.3348211546505198,
        3.296740888707778,
        3.2673552687027874,
        3.2370020086625044,
        3.189937376134536,
        3.1544919804965748,
        3.144570586821612,
        3.1276464361302994,
        3.1065850353240965,
        3.0802831531973447,
        3.062567752950332,
        3.0515090931163114,
        3.0403524527830235,
        3.015070197722491,
        2.9920469401864445,
        2.981865266912124,
        2.971041463403141,
        2.964386258405798,
        2.9603493527805105,
        2.93967690299539,
        2.9215794350119197,
        2.9144389472288244,
        2.9038716619154985,
        2.908093143911923,
        2.8861540289486154,
        2.8787928418552173,
        2.87522985570571,
        2.8626291016971366,
        2.8578038002462947,
        2.8395530852149515,
        2.8391175169103287,
        2.8342080374325023,
        2.8342067050933837,
        2.822830675349516,
        2.8112974481021658,
        2.8031303377712473,
        2.8097783240150003,
        2.8059731999565574,
        2.7946506533903235,
        2.792635867174934,
        2.7819689027000876,
        2.7757413157294777,
        2.7756981053071863,
        2.776255070181454
    ],
    "val_greedy_bleus": [
        0.11821881061662746,
        0.10891432046354342,
        0.10404406290375305,
        0.11474444650522368,
        0.10478700194660136,
        0.10188658614664221,
        0.10742716905968129,
        0.10073486641507981,
        0.11592974024137714,
        0.11907826722179841
    ],
    "val_greedy_meteors": [
        0.2724374812171763,
        0.28178702971340663,
        0.2816961531700878,
        0.268088973062377,
        0.2836422654584233,
        0.27469841735111605,
        0.28527490321712135,
        0.27266847445873066,
        0.2852257188915744,
        0.2789477955445241
    ],
    "val_greedy_ciders": [
        0.07839203067278322,
        0.08715096543156166,
        0.07767166245336887,
        0.08911955152312136,
        0.08448620715930506,
        0.08481154453740875,
        0.10182791275431949,
        0.09160278442135017,
        0.10407041235902885,
        0.101950495343513
    ],
    "val_beam_bleus": [
        0.10935495535898966,
        0.10542282158545578,
        0.11269602711895643,
        0.1173658897517115,
        0.10847138412187161,
        0.1047946531954138,
        0.10989836195225577,
        0.10081738427752064,
        0.11417432438333446,
        0.10737516831942787
    ],
    "val_beam_meteors": [
        0.26497334814629864,
        0.2738641133996324,
        0.28084345206724026,
        0.2695207915826239,
        0.2833496506808759,
        0.2749580143486276,
        0.28282423393629613,
        0.2729863942344003,
        0.28088393739163825,
        0.27652153809444013
    ],
    "val_beam_ciders": [
        0.08998795677969008,
        0.0948845581801542,
        0.09279851068293464,
        0.10068731250963313,
        0.10004690354606174,
        0.10687777511874248,
        0.11600169270600875,
        0.09678299166163366,
        0.11603759530730717,
        0.10892492583408529
    ]
}