{
    "train_losses": [
        3.2840271567266544,
        2.92608346397394,
        2.845126312335455,
        2.790486509132975,
        2.7684755122643168,
        2.6897054381864334,
        2.6571765537424104,
        2.6403731109554287,
        2.6075198245011673,
        2.5794784906658546,
        2.5333640428009505,
        2.5200556783808805,
        2.507698565767574,
        2.4932540839385395,
        2.4915186146495882,
        2.4539827243806407,
        2.424363932616928,
        2.4183113118043456,
        2.4149876017658936,
        2.4028027273219372,
        2.37997430443211,
        2.3617949948244523,
        2.355169336062495,
        2.3463206317914875,
        2.346652313675357,
        2.322771134387581,
        2.315914643787343,
        2.311071114064737,
        2.301888359477384,
        2.2921822235978553,
        2.274018482686563,
        2.269068119975478,
        2.2637302221433826,
        2.259296408668736,
        2.2561622213174974,
        2.242340718852313,
        2.2357355686022657,
        2.233346033685911,
        2.2272946672424836,
        2.2233019489593446,
        2.2156938221391975,
        2.20955477993492,
        2.206467439715608,
        2.204134808165213,
        2.1945017961298663,
        2.1909459435036966,
        2.183669880516194,
        2.1852935910040667,
        2.1780535388950955,
        2.1786373902509535
    ],
    "val_greedy_bleus": [
        0.23068129220693243,
        0.2394628629251658,
        0.23988051155283258,
        0.2537340544394922,
        0.2571707029938956,
        0.2624687433398401,
        0.26058741738988817,
        0.26515533016840565,
        0.2648418817400084,
        0.27054128153486856
    ],
    "val_greedy_meteors": [
        0.42118353220663435,
        0.42218705715827193,
        0.4332676102230041,
        0.4368105399970567,
        0.4425245882270275,
        0.4472831838533452,
        0.4432797287896174,
        0.4491803131343113,
        0.44892843653379394,
        0.45684783699109605
    ],
    "val_greedy_ciders": [
        0.7184322569011798,
        0.7328090480896425,
        0.7658030829856897,
        0.7913168655047716,
        0.8133929250231259,
        0.8219808745254416,
        0.8186406101144234,
        0.837162332029115,
        0.8364131025911608,
        0.8509998310963728
    ],
    "val_beam_bleus": [
        0.2571763932376115,
        0.27491052597491533,
        0.27898965125539216,
        0.28700461177842,
        0.28703085210344825,
        0.2869726178189605,
        0.29182696734930547,
        0.2956125719866013,
        0.2937382406480357,
        0.29637031316091095
    ],
    "val_beam_meteors": [
        0.42626192122490936,
        0.4360084414296476,
        0.44238945446355443,
        0.4443692502377496,
        0.4498300667037619,
        0.45322958426659443,
        0.4528189471065326,
        0.45743255129898797,
        0.45624614061155166,
        0.4614963660705123
    ],
    "val_beam_ciders": [
        0.7624797342341352,
        0.7925459585869906,
        0.8196258579577498,
        0.8411283029879162,
        0.856777493976191,
        0.858611706641239,
        0.869699877164143,
        0.8805138450233033,
        0.8776352943276962,
        0.8896771559932369
    ]
}