{
    "train_losses": [
        4.207858794156243,
        3.5159537556592158,
        3.3184477447060976,
        3.2037789776745966,
        3.110342752793256,
        3.0106294009264776,
        2.9569950934017406,
        2.9010007555344526,
        2.865129037183874,
        2.830300750732422,
        2.766146692949183,
        2.737355878493365,
        2.7010751713023464,
        2.684524154663086,
        2.651301648196052,
        2.617992367463953,
        2.585982976801255,
        2.566134728824391,
        2.5505790772157555,
        2.5319742870330813,
        2.4989752668492935,
        2.4707949694465188,
        2.4625909233093264,
        2.442712345684276,
        2.4251535034179685,
        2.404169943753411,
        2.3888700518888584,
        2.3775657855763157,
        2.3714935269075283,
        2.3596536810257858,
        2.3401910091848936,
        2.320301042444566,
        2.304169039445765,
        2.299736099243164,
        2.291624799055212,
        2.2756277022642246,
        2.2583481718512144,
        2.252674571766573,
        2.246054578668931,
        2.241301337410422,
        2.22642587297103,
        2.220811695772059,
        2.2054600550146666,
        2.2091464463402244,
        2.1975584501378678,
        2.1901869633618523,
        2.187236272307003,
        2.1805667229259718,
        2.1747471643896663,
        2.1701823158825144
    ],
    "val_greedy_bleus": [
        0.1857797879942627,
        0.18645973498677343,
        0.18703117674958303,
        0.1910060698516074,
        0.19510293098178186,
        0.19177245752664568,
        0.19487359658286457,
        0.19382126106938766,
        0.19616504736135945,
        0.19466120019468494
    ],
    "val_greedy_meteors": [
        0.35981006808783716,
        0.37258254358197923,
        0.38097870229611264,
        0.3805381010649731,
        0.3797086478344057,
        0.3830786722461272,
        0.38343622372858555,
        0.380370310266896,
        0.37875846916010064,
        0.38221455815304617
    ],
    "val_greedy_ciders": [
        0.36737064361134025,
        0.39166865707296994,
        0.39385491749538176,
        0.4068718211148054,
        0.41017281387617216,
        0.4162055229669269,
        0.42113054431198627,
        0.42210403045202466,
        0.4151918890368353,
        0.41762614187289737
    ],
    "val_beam_bleus": [
        0.19930199233453985,
        0.20810275667532194,
        0.20756582376807578,
        0.20956902457916277,
        0.21565345411719766,
        0.21611047132776182,
        0.21536046686105592,
        0.2139233635042397,
        0.2156300487417438,
        0.21594175038406932
    ],
    "val_beam_meteors": [
        0.36550044674170284,
        0.37322781781951736,
        0.378626300180704,
        0.37938241514897053,
        0.3815220447697384,
        0.3842847762956029,
        0.3821844962208309,
        0.38065349600933346,
        0.380188695338525,
        0.3833044409009303
    ],
    "val_beam_ciders": [
        0.39214006360876147,
        0.4240169242237326,
        0.42111232876364324,
        0.4344931124253718,
        0.4492922883976341,
        0.4500495600257995,
        0.44152690242272785,
        0.4484770337787348,
        0.4475353823383596,
        0.44260658781080675
    ]
}