{
    "train_losses": [
        4.262562269883997,
        3.5499883404900046,
        3.352654967027552,
        3.2380623060114244,
        3.169062287947711,
        3.059217851302203,
        3.0199713965023265,
        2.9715747345195096,
        2.9406876070359176,
        2.908808816461002,
        2.8561690347334916,
        2.829617006077486,
        2.8084136177511776,
        2.798262596691356,
        2.7784542611066034,
        2.741829407074872,
        2.71964251462151,
        2.6994931512720446,
        2.6942728166019214,
        2.679994430541992,
        2.65298869637882,
        2.6381867919248694,
        2.622201654770795,
        2.619936773636762,
        2.616191843257231,
        2.581011174706852,
        2.576463612388162,
        2.563588421204511,
        2.5595667732463165,
        2.5508262370614445,
        2.533678092956543,
        2.5256714815251966,
        2.5256788326712214,
        2.508005012063419,
        2.506226018456852,
        2.489843013426837,
        2.4938032352223116,
        2.484855499828563,
        2.478355926625869,
        2.472621406667373,
        2.4590051757588105,
        2.454637912862441,
        2.453366518581615,
        2.441790625067318,
        2.4461793540505803,
        2.4354062265508314,
        2.428529615402222,
        2.4197185791240017,
        2.427810696994557,
        2.4162989840788
    ],
    "val_greedy_bleus": [
        0.16601618497917345,
        0.17722132198531376,
        0.181870432602241,
        0.18724188980997966,
        0.18567516262732636,
        0.19056920322991902,
        0.19043814730885075,
        0.19815298108304444,
        0.19021722566671034,
        0.1880607302329906
    ],
    "val_greedy_meteors": [
        0.3426407987635939,
        0.35207456183669644,
        0.36519607557089956,
        0.37039084284301227,
        0.37059751707999944,
        0.3753010354724197,
        0.37602772724656075,
        0.37863137642635725,
        0.37722694366885534,
        0.3818881273572932
    ],
    "val_greedy_ciders": [
        0.31189570054135224,
        0.3461232880068015,
        0.35592688311742,
        0.37575213968718,
        0.3820172170860939,
        0.38858376702601943,
        0.38836853390168835,
        0.40200382528650896,
        0.3884402912889086,
        0.39610012952321844
    ],
    "val_beam_bleus": [
        0.18367197758943662,
        0.2008867533358003,
        0.2034866495201473,
        0.21044681663390125,
        0.2043279250813946,
        0.20949164705599221,
        0.20979254925955293,
        0.21930208994450795,
        0.21560741681205925,
        0.20860825748306835
    ],
    "val_beam_meteors": [
        0.34880935434352767,
        0.3631177675133849,
        0.36883376152719416,
        0.38048252020096995,
        0.37249037738439983,
        0.3768283334099291,
        0.37667666318978216,
        0.3805773946568584,
        0.3839683580757507,
        0.3830949139508502
    ],
    "val_beam_ciders": [
        0.3373303520800748,
        0.3835122001217604,
        0.3954962201745134,
        0.4208352671300267,
        0.4103250847192284,
        0.4250260744697273,
        0.4249197886109479,
        0.44213561888873254,
        0.44234551522933846,
        0.43628780479987134
    ]
}