{
    "train_losses": [
        4.464172550210371,
        3.6602872727622446,
        3.4293101807715187,
        3.2928951682059417,
        3.212882232218281,
        3.111462678148153,
        3.0540816694358144,
        3.0037835013698526,
        2.977154147457069,
        2.932807951466019,
        2.878855842939565,
        2.8429343633248774,
        2.820059781902833,
        2.7983624431448924,
        2.778802426208353,
        2.742925375280246,
        2.721657290704933,
        2.7113565738212335,
        2.6907914356446603,
        2.674434802901577,
        2.644854656407531,
        2.628302211492834,
        2.622199240984491,
        2.6088258940289277,
        2.5967924684426036,
        2.572605523704923,
        2.5552779665575343,
        2.555752848235654,
        2.5447471208975347,
        2.5419069388662705,
        2.512148446320368,
        2.507289533883753,
        2.5002333983569076,
        2.492057314501122,
        2.4799976449617196,
        2.4721298340900404,
        2.469322826940689,
        2.4565862064630215,
        2.45255837977772,
        2.4466677428411208,
        2.43878388180979,
        2.4308393785091633,
        2.4297801989344925,
        2.4228007300918653,
        2.4146605142405337,
        2.406934861286145,
        2.4053379403593396,
        2.3980709140849226,
        2.398278189377046,
        2.3890633952449747
    ],
    "val_greedy_bleus": [
        0.176042813622693,
        0.16401610722880297,
        0.17976591156347216,
        0.1749479204646514,
        0.18963710363068503,
        0.18233366961820832,
        0.17846435162453067,
        0.1861908893535618,
        0.1835187256572468,
        0.18180276892547712
    ],
    "val_greedy_meteors": [
        0.34937898321543426,
        0.3568365165344644,
        0.3667718603349273,
        0.3626143889073693,
        0.3664117973479715,
        0.3666754756184468,
        0.37113996756900974,
        0.3686430165132176,
        0.3702845211067398,
        0.3673867752023503
    ],
    "val_greedy_ciders": [
        0.32314142407978275,
        0.3381308518457716,
        0.3704863220966571,
        0.3611244144840321,
        0.38888262256717276,
        0.3703518903119505,
        0.37040564974878654,
        0.3809076685991588,
        0.37779391763784476,
        0.3809128919063195
    ],
    "val_beam_bleus": [
        0.1914993604786721,
        0.18237195300038758,
        0.19209629331429917,
        0.1935778761848937,
        0.2031812196433003,
        0.20247674839363639,
        0.19465150751848714,
        0.20201723859516252,
        0.20359499430718897,
        0.20568644228680308
    ],
    "val_beam_meteors": [
        0.35464966589175184,
        0.3623410233508738,
        0.36353077978076437,
        0.3690195490933139,
        0.3679860806165288,
        0.36728577424228237,
        0.366693392748275,
        0.36661086081823496,
        0.3733909179955273,
        0.3691938010973835
    ],
    "val_beam_ciders": [
        0.3489272214464675,
        0.37131129483366504,
        0.38216333281933,
        0.39304231927884253,
        0.40496571368726275,
        0.40841428184941503,
        0.39589678022632896,
        0.40855487632267345,
        0.4076789068696234,
        0.40853054354309926
    ]
}