{
    "train_losses": [
        3.5015699682869537,
        2.899856111365824,
        2.760474817277475,
        2.680737210388714,
        2.6295398893828,
        2.571242894050327,
        2.535945816054779,
        2.5046160292957076,
        2.483914463744834,
        2.4595932846275694,
        2.428352125645421,
        2.41704342851683,
        2.4017121004173894,
        2.3901950358607484,
        2.3772530747344356,
        2.353776571186838,
        2.3470641130457706,
        2.330660244965295,
        2.328247748165632,
        2.318836789779722,
        2.300452850332953,
        2.293999320112019,
        2.290563438277709,
        2.2847309585148254,
        2.2765772847524937,
        2.266100011432005,
        2.2628801538734202,
        2.2541256875859164,
        2.2520105510811903,
        2.2489984511776355,
        2.237892457746096,
        2.236453576747564,
        2.2271464226603324,
        2.2184429024986727,
        2.21988003580058,
        2.2088569457969487,
        2.2081914845353117,
        2.2064926992796674,
        2.20201106758722,
        2.1957689387352426,
        2.190298368610223,
        2.1890571981530287,
        2.18128492272066,
        2.181605177003044,
        2.182327204362318,
        2.179986175374233,
        2.175121246018034,
        2.174241304121209,
        2.1710627613332947,
        2.173278638715906
    ],
    "val_greedy_bleus": [
        0.23195207216207891,
        0.23566068706836035,
        0.25086424032897625,
        0.25156879150203465,
        0.24700848099855063,
        0.25341939915704453,
        0.254053169202065,
        0.2537917898155227,
        0.2558351433292749,
        0.25781125084940243
    ],
    "val_greedy_meteors": [
        0.42346577713796696,
        0.4257303246424792,
        0.4363854272129412,
        0.43833285133499655,
        0.43494009235465153,
        0.44001712503981677,
        0.4427310237074429,
        0.44168773159062624,
        0.44206197800506625,
        0.4427998809623842
    ],
    "val_greedy_ciders": [
        0.7391067835438727,
        0.7449554535714608,
        0.7850738814071859,
        0.7930395377851743,
        0.7912778922690761,
        0.8042383555187025,
        0.813512783463665,
        0.8112224941395717,
        0.811843884587371,
        0.8180959719895007
    ],
    "val_beam_bleus": [
        0.26286602317782765,
        0.2660294508703506,
        0.2755937166905713,
        0.2750941605870242,
        0.2768815902835056,
        0.28225301982549666,
        0.2797540987701721,
        0.2838578929651297,
        0.2841444774945086,
        0.2861637364025698
    ],
    "val_beam_meteors": [
        0.4296203743351044,
        0.4343474211310923,
        0.4403077094525367,
        0.4443275989259658,
        0.4448542648731825,
        0.4492475332760789,
        0.44905711045910773,
        0.4521990488451688,
        0.4519644250010933,
        0.4528338281553
    ],
    "val_beam_ciders": [
        0.7801601698904419,
        0.8017770854834878,
        0.8201664052797827,
        0.8299964055425831,
        0.8397496159148206,
        0.8476040191309198,
        0.8501169441410047,
        0.8630181007289156,
        0.8581175325583148,
        0.8625223300927785
    ]
}