{
    "train_losses": [
        4.144098840601304,
        3.45384061869453,
        3.2489208036310533,
        3.119016778048347,
        3.0372337868634394,
        2.9253712452159206,
        2.8706064308390897,
        2.8123469812729778,
        2.7760062363568476,
        2.7397010859321145,
        2.672975965948666,
        2.628781832526712,
        2.5996721738927504,
        2.5736360768710864,
        2.553231586568496,
        2.496200486912447,
        2.4613765621185304,
        2.447171920888564,
        2.423246680428,
        2.4059146112554215,
        2.369894640866448,
        2.337269131155575,
        2.3159419536590575,
        2.3097321128845216,
        2.29429570646847,
        2.2557460669910205,
        2.2357494957306807,
        2.2264032240474925,
        2.214724295279559,
        2.192214272442986,
        2.1753803842207966,
        2.152873658292434,
        2.149560927503249,
        2.128752305647906,
        2.129139230111066,
        2.097875416138593,
        2.0861127387776093,
        2.0719644922368667,
        2.06275334778954,
        2.0612307570962347,
        2.0363548960405238,
        2.0325486202800973,
        2.026183682049022,
        2.0152118733349966,
        2.0046439720602596,
        1.9893695545196532,
        1.9837157650554882,
        1.9733150386810303,
        1.9728270600823794,
        1.9578094294491937
    ],
    "val_greedy_bleus": [
        0.15826049345273305,
        0.18612535977446776,
        0.19349722318546136,
        0.19037137717544045,
        0.19741092188562787,
        0.18802673392378172,
        0.1958077633166057,
        0.1957309538338056,
        0.19081678547009664,
        0.19160774947051035
    ],
    "val_greedy_meteors": [
        0.364711805114076,
        0.3739141662898893,
        0.38106417229885875,
        0.3794300491102378,
        0.3845887166365366,
        0.3819681104401888,
        0.38492938379623864,
        0.3847158321325827,
        0.3848923186404731,
        0.3840018605755494
    ],
    "val_greedy_ciders": [
        0.32690069217742895,
        0.3830097934799978,
        0.4035602161301906,
        0.4110095251539423,
        0.4261853569431851,
        0.40881031097690085,
        0.4267075997538889,
        0.4216250933198205,
        0.4204808195761105,
        0.4236538506064241
    ],
    "val_beam_bleus": [
        0.18017640353015152,
        0.20849566527513547,
        0.21155094003458852,
        0.21237582205924407,
        0.21798837603476984,
        0.21244543291637125,
        0.211886057145389,
        0.2128671327269131,
        0.21041064413328509,
        0.2105026968974413
    ],
    "val_beam_meteors": [
        0.3662344246384084,
        0.3700528492953954,
        0.3788596998471865,
        0.3839485366977529,
        0.38681155272438295,
        0.3826803011571166,
        0.3858195253683973,
        0.38117809930335644,
        0.3845029363281387,
        0.3837856843943793
    ],
    "val_beam_ciders": [
        0.3723137791360477,
        0.4078018765755131,
        0.42550241135942923,
        0.44765417334001023,
        0.4574720613164926,
        0.44098065803116104,
        0.4518336635020079,
        0.4472004458875815,
        0.450690636599843,
        0.4493365066685685
    ]
}