{
    "train_losses": [
        4.008467743533103,
        3.083857105172583,
        2.8422167695471456,
        2.716988069012508,
        2.6371151317584642,
        2.566281370991349,
        2.530480710579402,
        2.493748302621856,
        2.4712529547247675,
        2.439729814735778,
        2.4091394787778073,
        2.388905699507346,
        2.369026661287688,
        2.358115436857598,
        2.3419257787501055,
        2.320391754831376,
        2.308564428199756,
        2.295831002997468,
        2.291317270933384,
        2.2761905440222905,
        2.2710941910190967,
        2.2616014222641816,
        2.2514901957150775,
        2.240767093124861,
        2.2407784104531476,
        2.2255709337119525,
        2.2185764719935066,
        2.2155025303824423,
        2.2122529256841315,
        2.2062185680295068,
        2.2009679342532267,
        2.1928341370277464,
        2.189779408563971,
        2.184197221878323,
        2.1818510559279547,
        2.1694827754125345,
        2.1681578741560026,
        2.1658910794825608,
        2.1653086919872986,
        2.162702028865608,
        2.153611361704064,
        2.1510534159367016,
        2.1476439045975346,
        2.1478097446182227,
        2.148456938299919,
        2.1445359993939053,
        2.1399213871594744,
        2.1366003046079984,
        2.13356288673336,
        2.13484266515493
    ],
    "val_greedy_bleus": [
        0.22560561376488333,
        0.23753731761730912,
        0.24880484366745909,
        0.24743324523249002,
        0.24904055488584712,
        0.25469202314178274,
        0.2542017274716796,
        0.25431167754858935,
        0.25316692844726324,
        0.25629001575584404
    ],
    "val_greedy_meteors": [
        0.4144791788959672,
        0.4250005454350214,
        0.4339002146129606,
        0.43591065198764284,
        0.4373600340924497,
        0.4421231957272546,
        0.44116680022537236,
        0.44169701720697185,
        0.44253434366830974,
        0.44248429482362694
    ],
    "val_greedy_ciders": [
        0.6967616524698809,
        0.7474987415128119,
        0.7719092141449949,
        0.7814034473834698,
        0.7876046935135826,
        0.802073301140605,
        0.8003037055914624,
        0.8008218676308491,
        0.8012011064017348,
        0.8090779534109267
    ],
    "val_beam_bleus": [
        0.25600313046190276,
        0.26752562799374713,
        0.27488522450165676,
        0.27678788639626717,
        0.27692795786385277,
        0.28200164027005964,
        0.28186367037279875,
        0.28063847296896316,
        0.2803825076661011,
        0.2818529118349986
    ],
    "val_beam_meteors": [
        0.42347652418889076,
        0.436767458346633,
        0.4419222495459173,
        0.44667437483587374,
        0.4491873742065615,
        0.4509995470156766,
        0.4508934152113552,
        0.4515658758322799,
        0.4524996563746437,
        0.45200588688275983
    ],
    "val_beam_ciders": [
        0.7509989039648006,
        0.800488263798278,
        0.815769527862377,
        0.83441206921413,
        0.8395875857639697,
        0.8497347722421031,
        0.8486230860593666,
        0.8496878323599124,
        0.8512153339016943,
        0.8540708177276659
    ]
}