{
    "train_losses": [
        4.241842883053948,
        3.908410404990701,
        4.065144211264218,
        4.275597746231977,
        4.066437091266407,
        3.9217059881546916,
        3.7092335628060735,
        3.653475585825303,
        3.9991411153007954,
        3.8073186010472915,
        3.673333001978257,
        3.5835866686877083,
        3.5569951416464414,
        3.541769566255457,
        3.477924950543572,
        3.5344200336231903,
        3.4105547214956844,
        3.4251004331252153,
        3.5759416282878203,
        3.4732432028826543,
        3.386983628553503,
        3.3855166569878072,
        3.3670003346835866,
        3.35062816844267,
        3.338680902929867,
        3.261120619493372,
        3.236467244765338,
        3.211446049634148,
        3.218411574644201,
        3.1976778400645536,
        3.163200813742245,
        3.156876198824714,
        3.1495891548605526,
        3.1664570713043214,
        3.1258297129238355,
        3.116302880118875,
        3.125623530780568,
        3.098275909984813,
        3.093795565997853,
        3.0815893044191247,
        3.088815880382762,
        3.0519497237485997,
        3.0377113123501047,
        3.0287859518387736,
        3.0250959631975958,
        3.0172466945648195,
        3.0021352824042826,
        2.9945821436713724,
        2.9854769914290484,
        2.9792344547720515
    ],
    "val_greedy_bleus": [
        0.08351468249355985,
        0.13888518494609262,
        0.16351790486556653,
        0.1545529697170191,
        0.1704291378187251,
        0.15106818243155545,
        0.17873023715677444,
        0.15897869267233666,
        0.17358266701902303,
        0.1646242568674221
    ],
    "val_greedy_meteors": [
        0.298296497251917,
        0.33359767571414317,
        0.3398046584782476,
        0.3481200078834111,
        0.3559956352006041,
        0.353233501556375,
        0.35516114595781967,
        0.35800409383165777,
        0.3565950801740412,
        0.3581496631282454
    ],
    "val_greedy_ciders": [
        0.23657344199998492,
        0.2951522392997783,
        0.3213390776333791,
        0.33481170917016595,
        0.3553006126318217,
        0.3228980095889841,
        0.36153206602809485,
        0.35581587013914096,
        0.36469385087482187,
        0.34839214450239014
    ],
    "val_beam_bleus": [
        0.10596022350990954,
        0.1625020519765634,
        0.18768474539763963,
        0.1773507168389334,
        0.19127233363092583,
        0.17828417586939263,
        0.19712391346722716,
        0.18169385014011108,
        0.19169479160652728,
        0.189675737863147
    ],
    "val_beam_meteors": [
        0.3148377345173019,
        0.3440107720650842,
        0.34420967375697215,
        0.35367545362125064,
        0.3610013707430201,
        0.3592765319065387,
        0.3574393943771967,
        0.36155306510909896,
        0.3602312096309169,
        0.3607852268374275
    ],
    "val_beam_ciders": [
        0.26713875528266134,
        0.330055795736327,
        0.3448378667341198,
        0.3488308066344805,
        0.3704304062479754,
        0.35784763276677517,
        0.3797635284841527,
        0.37481568339866683,
        0.38969661560866636,
        0.38103634539409853
    ]
}